,0,1,2,3,>4,name
Q58425000,0.0,0.2,0.08571428571428572,0.05714285714285714,0.08571428571428572,United States senate constituency
Q127910,0.08571428571428572,0.2,0.05714285714285714,0.05714285714285714,0.02857142857142857,Department of Transportation
Q28872924,0.0,0.2,0.05714285714285714,0.05714285714285714,0.11428571428571428,designation for an administrative territorial entity of a single country
Q192350,0.08571428571428572,0.2,0.05714285714285714,0.05714285714285714,0.02857142857142857,ministry
Q35657,0.0,0.2,0.08571428571428572,0.05714285714285714,0.08571428571428572,state of the United States
Q2516426,0.08571428571428572,0.2,0.05714285714285714,0.05714285714285714,0.02857142857142857,transport ministry
Q25631158,0.14285714285714285,0.17142857142857143,0.05714285714285714,0.05714285714285714,0.0,highway system
Q737372,0.14285714285714285,0.17142857142857143,0.05714285714285714,0.05714285714285714,0.0,alphanumeric
Q17279032,0.14285714285714285,0.17142857142857143,0.02857142857142857,0.05714285714285714,0.02857142857142857,elected office
Q358078,0.14285714285714285,0.17142857142857143,0.05714285714285714,0.05714285714285714,0.0,road network
Q3241753,0.14285714285714285,0.17142857142857143,0.05714285714285714,0.05714285714285714,0.0,road number
Q2642629,0.14285714285714285,0.14285714285714285,0.08571428571428572,0.05714285714285714,0.0,multigraph
Q30124446,0.2,0.14285714285714285,0.02857142857142857,0.05714285714285714,0.0,legislative building
Q7574076,0.14285714285714285,0.14285714285714285,0.08571428571428572,0.05714285714285714,0.0,spatial network
Q52177058,0.2,0.14285714285714285,0.02857142857142857,0.05714285714285714,0.0,civic building
Q7138926,0.2,0.14285714285714285,0.02857142857142857,0.05714285714285714,0.0,parliament building
Q3284499,0.2,0.14285714285714285,0.02857142857142857,0.05714285714285714,0.0,capitol building
Q141488,0.14285714285714285,0.14285714285714285,0.08571428571428572,0.05714285714285714,0.0,graph
Q294414,0.14285714285714285,0.14285714285714285,0.05714285714285714,0.05714285714285714,0.02857142857142857,public office
Q15617994,0.0,0.14285714285714285,0.05714285714285714,0.08571428571428572,0.14285714285714285,designation for an administrative territorial entity
Q294422,0.17142857142857143,0.14285714285714285,0.05714285714285714,0.05714285714285714,0.0,public building
Q1220959,0.2,0.11428571428571428,0.05714285714285714,0.05714285714285714,0.0,building of public administration
Q16686022,0.22857142857142856,0.11428571428571428,0.05714285714285714,0.0,0.02857142857142857,natural physical object
Q3914,0.3142857142857143,0.11428571428571428,0.0,0.0,0.0,school
Q1021645,0.2,0.11428571428571428,0.05714285714285714,0.05714285714285714,0.0,office building
Q15474042,0.2,0.11428571428571428,0.0,0.02857142857142857,0.08571428571428572,MediaWiki page
Q1030034,0.2571428571428571,0.11428571428571428,0.02857142857142857,0.02857142857142857,0.0,GLAM
Q58494026,0.2,0.11428571428571428,0.0,0.02857142857142857,0.08571428571428572,Wikimedia page
Q17379835,0.2,0.11428571428571428,0.0,0.02857142857142857,0.08571428571428572,Wikimedia page outside the main knowledge tree
Q17442446,0.2,0.11428571428571428,0.0,0.02857142857142857,0.08571428571428572,Wikimedia internal item
Q1260632,0.2,0.11428571428571428,0.0,0.02857142857142857,0.08571428571428572,content
Q36774,0.2,0.11428571428571428,0.0,0.02857142857142857,0.08571428571428572,web page
Q16831714,0.2,0.11428571428571428,0.05714285714285714,0.05714285714285714,0.0,government building
Q2519340,0.2,0.11428571428571428,0.05714285714285714,0.05714285714285714,0.0,administrative building
Q1293220,0.22857142857142856,0.11428571428571428,0.02857142857142857,0.02857142857142857,0.02857142857142857,physical phenomenon
Q1209283,0.2,0.11428571428571428,0.0,0.02857142857142857,0.08571428571428572,electronic media
Q62626341,0.2571428571428571,0.11428571428571428,0.02857142857142857,0.02857142857142857,0.0,cultural organization
Q5358404,0.2,0.11428571428571428,0.0,0.02857142857142857,0.08571428571428572,electronic page
Q29651224,0.22857142857142856,0.11428571428571428,0.05714285714285714,0.0,0.02857142857142857,natural object
Q5260216,0.2571428571428571,0.11428571428571428,0.0,0.05714285714285714,0.0,Department of Corrections
Q17320256,0.22857142857142856,0.11428571428571428,0.02857142857142857,0.02857142857142857,0.02857142857142857,physical process
Q5193377,0.2571428571428571,0.11428571428571428,0.02857142857142857,0.02857142857142857,0.0,cultural institution
Q15989253,0.2,0.08571428571428572,0.0,0.0,0.14285714285714285,part
Q7887142,0.08571428571428572,0.08571428571428572,0.0,0.0,0.2571428571428571,unit of analysis
Q15936437,0.3142857142857143,0.08571428571428572,0.0,0.0,0.02857142857142857,research university
Q41298,0.2857142857142857,0.08571428571428572,0.02857142857142857,0.0,0.02857142857142857,magazine
Q194980,0.05714285714285714,0.08571428571428572,0.05714285714285714,0.02857142857142857,0.2,intangible good
Q874405,0.08571428571428572,0.08571428571428572,0.0,0.02857142857142857,0.22857142857142856,social group
Q23004361,0.34285714285714286,0.08571428571428572,0.0,0.0,0.0,specialized educational institution
Q486972,0.08571428571428572,0.08571428571428572,0.0,0.05714285714285714,0.2,human settlement
Q618779,0.3142857142857143,0.08571428571428572,0.0,0.0,0.02857142857142857,award
Q33506,0.2857142857142857,0.08571428571428572,0.02857142857142857,0.02857142857142857,0.0,museum
Q23764314,0.34285714285714286,0.08571428571428572,0.0,0.0,0.0,sports location
Q451967,0.2857142857142857,0.08571428571428572,0.0,0.0,0.05714285714285714,human action
Q3769299,0.2857142857142857,0.08571428571428572,0.0,0.0,0.05714285714285714,human behaviour
Q4167410,0.22857142857142856,0.08571428571428572,0.02857142857142857,0.02857142857142857,0.05714285714285714,Wikimedia disambiguation page
Q2659904,0.08571428571428572,0.08571428571428572,0.05714285714285714,0.0,0.2,government organization
Q327333,0.08571428571428572,0.08571428571428572,0.11428571428571428,0.0,0.14285714285714285,government agency
Q1076486,0.34285714285714286,0.08571428571428572,0.0,0.0,0.0,sports venue
Q3331189,0.2571428571428571,0.08571428571428572,0.02857142857142857,0.0,0.05714285714285714,"version, edition, or translation"
Q269528,0.17142857142857143,0.08571428571428572,0.05714285714285714,0.0,0.11428571428571428,unincorporated area
Q2235308,0.22857142857142856,0.08571428571428572,0.0,0.05714285714285714,0.05714285714285714,ship type
Q21522908,0.22857142857142856,0.08571428571428572,0.0,0.05714285714285714,0.05714285714285714,Wikidata instance class
Q859031,0.3142857142857143,0.08571428571428572,0.0,0.0,0.02857142857142857,stimulus
Q16335899,0.22857142857142856,0.08571428571428572,0.0,0.05714285714285714,0.05714285714285714,watercraft type
Q17343829,0.17142857142857143,0.08571428571428572,0.05714285714285714,0.0,0.11428571428571428,unincorporated community
Q14204246,0.22857142857142856,0.08571428571428572,0.02857142857142857,0.05714285714285714,0.02857142857142857,Wikimedia project page
Q4330518,0.08571428571428572,0.08571428571428572,0.0,0.0,0.2571428571428571,research object
Q16722960,0.11428571428571428,0.08571428571428572,0.05714285714285714,0.08571428571428572,0.08571428571428572,phenomenon
Q17489659,0.22857142857142856,0.08571428571428572,0.0,0.02857142857142857,0.08571428571428572,group of works
Q49848,0.14285714285714285,0.08571428571428572,0.0,0.02857142857142857,0.17142857142857143,document
Q15042037,0.11428571428571428,0.08571428571428572,0.08571428571428572,0.0,0.14285714285714285,statistical territorial entity
Q17350442,0.2,0.08571428571428572,0.02857142857142857,0.02857142857142857,0.08571428571428572,venue
Q194112,0.3142857142857143,0.08571428571428572,0.0,0.0,0.02857142857142857,value
Q1499548,0.3142857142857143,0.08571428571428572,0.0,0.0,0.02857142857142857,monetary value
Q3249551,0.02857142857142857,0.08571428571428572,0.0,0.05714285714285714,0.2571428571428571,process
Q482994,0.11428571428571428,0.08571428571428572,0.05714285714285714,0.02857142857142857,0.14285714285714285,album
Q18608569,0.3142857142857143,0.08571428571428572,0.0,0.02857142857142857,0.0,lower house of U.S. state legislature
Q375928,0.3142857142857143,0.08571428571428572,0.0,0.02857142857142857,0.0,lower house
Q11204,0.2857142857142857,0.08571428571428572,0.0,0.05714285714285714,0.0,legislature
Q230788,0.3142857142857143,0.08571428571428572,0.0,0.0,0.02857142857142857,grant
Q189445,0.2857142857142857,0.08571428571428572,0.0,0.05714285714285714,0.0,bicameral legislature
Q2324993,0.2857142857142857,0.08571428571428572,0.0,0.05714285714285714,0.0,state power
Q29431432,0.2857142857142857,0.08571428571428572,0.0,0.05714285714285714,0.0,dyad
Q3270264,0.2857142857142857,0.08571428571428572,0.0,0.05714285714285714,0.0,legislature of a U.S. state
Q6934578,0.2857142857142857,0.08571428571428572,0.0,0.05714285714285714,0.0,multicameralism
Q7603708,0.2857142857142857,0.08571428571428572,0.0,0.05714285714285714,0.0,legislature of a constituent state
Q217594,0.0,0.08571428571428572,0.08571428571428572,0.08571428571428572,0.17142857142857143,class (set theory)
Q732577,0.14285714285714285,0.08571428571428572,0.02857142857142857,0.02857142857142857,0.14285714285714285,publication
Q211364,0.3142857142857143,0.08571428571428572,0.0,0.0,0.02857142857142857,principle
Q1414816,0.3142857142857143,0.08571428571428572,0.0,0.0,0.02857142857142857,incentive
Q34770,0.3142857142857143,0.08571428571428572,0.0,0.02857142857142857,0.0,language
Q4372150,0.3142857142857143,0.08571428571428572,0.0,0.0,0.02857142857142857,bounty
Q760120,0.3142857142857143,0.08571428571428572,0.0,0.0,0.02857142857142857,expenditure
Q20829075,0.34285714285714286,0.08571428571428572,0.0,0.0,0.0,type of language
Q2198779,0.05714285714285714,0.08571428571428572,0.0,0.0,0.2857142857142857,unit
Q17270000,0.2,0.08571428571428572,0.05714285714285714,0.0,0.08571428571428572,football club
Q6881511,0.11428571428571428,0.08571428571428572,0.02857142857142857,0.0,0.2,enterprise
Q177634,0.08571428571428572,0.08571428571428572,0.0,0.02857142857142857,0.22857142857142856,community
Q7406919,0.34285714285714286,0.08571428571428572,0.0,0.0,0.0,service
Q240673,0.3142857142857143,0.08571428571428572,0.0,0.0,0.02857142857142857,cost
Q38829,0.3142857142857143,0.08571428571428572,0.02857142857142857,0.0,0.0,Breed
Q11033,0.14285714285714285,0.08571428571428572,0.02857142857142857,0.02857142857142857,0.14285714285714285,mass media
Q1274979,0.34285714285714286,0.05714285714285714,0.0,0.0,0.02857142857142857,creature
Q183046,0.2857142857142857,0.05714285714285714,0.02857142857142857,0.02857142857142857,0.02857142857142857,meaning
Q1067164,0.37142857142857144,0.05714285714285714,0.0,0.0,0.0,line
Q27096220,0.2857142857142857,0.05714285714285714,0.05714285714285714,0.0,0.02857142857142857,natural geographic entity
Q5469988,0.2571428571428571,0.05714285714285714,0.05714285714285714,0.02857142857142857,0.02857142857142857,formalization
Q1322323,0.37142857142857144,0.05714285714285714,0.0,0.0,0.0,itinerary
Q28845870,0.34285714285714286,0.05714285714285714,0.0,0.0,0.02857142857142857,biological component
Q2668072,0.3142857142857143,0.05714285714285714,0.0,0.02857142857142857,0.02857142857142857,collection
Q334166,0.34285714285714286,0.05714285714285714,0.02857142857142857,0.0,0.0,mode of transport
Q7239,0.34285714285714286,0.05714285714285714,0.0,0.0,0.02857142857142857,organism
Q350783,0.34285714285714286,0.05714285714285714,0.02857142857142857,0.0,0.0,rail guided transport
Q602884,0.2857142857142857,0.05714285714285714,0.05714285714285714,0.0,0.02857142857142857,social phenomenon
Q1310239,0.34285714285714286,0.05714285714285714,0.0,0.0,0.02857142857142857,component
Q3565868,0.34285714285714286,0.05714285714285714,0.02857142857142857,0.0,0.0,rail transport
Q2684591,0.2857142857142857,0.05714285714285714,0.02857142857142857,0.02857142857142857,0.02857142857142857,statement
Q494756,0.2571428571428571,0.05714285714285714,0.05714285714285714,0.02857142857142857,0.02857142857142857,data
Q15141321,0.37142857142857144,0.05714285714285714,0.0,0.0,0.0,train service
Q271669,0.2857142857142857,0.05714285714285714,0.05714285714285714,0.0,0.02857142857142857,landform
Q4354683,0.34285714285714286,0.05714285714285714,0.02857142857142857,0.0,0.0,land transport
Q1656682,0.2857142857142857,0.05714285714285714,0.05714285714285714,0.0,0.02857142857142857,event
Q21162272,0.34285714285714286,0.05714285714285714,0.02857142857142857,0.0,0.0,means
Q101352,0.2857142857142857,0.05714285714285714,0.05714285714285714,0.0,0.02857142857142857,family name
Q12766313,0.2857142857142857,0.05714285714285714,0.05714285714285714,0.0,0.02857142857142857,geomorphological unit
Q55983715,0.22857142857142856,0.05714285714285714,0.02857142857142857,0.02857142857142857,0.08571428571428572,group of organisms known by one particular common name
Q41796,0.2857142857142857,0.05714285714285714,0.02857142857142857,0.02857142857142857,0.02857142857142857,sentence
Q36161,0.2571428571428571,0.05714285714285714,0.05714285714285714,0.02857142857142857,0.02857142857142857,set
Q35145263,0.2857142857142857,0.05714285714285714,0.05714285714285714,0.0,0.02857142857142857,natural geographic object
Q2695280,0.3142857142857143,0.05714285714285714,0.02857142857142857,0.0,0.02857142857142857,technique
Q1371037,0.34285714285714286,0.05714285714285714,0.0,0.02857142857142857,0.0,institute of technology
Q813912,0.2857142857142857,0.05714285714285714,0.0,0.02857142857142857,0.05714285714285714,condition
Q774228,0.3142857142857143,0.05714285714285714,0.0,0.0,0.05714285714285714,requirement
Q494823,0.34285714285714286,0.05714285714285714,0.0,0.0,0.02857142857142857,data format
Q483247,0.22857142857142856,0.05714285714285714,0.0,0.08571428571428572,0.05714285714285714,phenomenon
Q4184950,0.3142857142857143,0.05714285714285714,0.0,0.0,0.05714285714285714,regularity
Q3505845,0.2857142857142857,0.05714285714285714,0.0,0.02857142857142857,0.05714285714285714,state
Q317623,0.34285714285714286,0.05714285714285714,0.0,0.0,0.02857142857142857,technical standard
Q42848,0.22857142857142856,0.05714285714285714,0.05714285714285714,0.02857142857142857,0.05714285714285714,data
Q41176,0.11428571428571428,0.05714285714285714,0.11428571428571428,0.05714285714285714,0.08571428571428572,building
Q23002054,0.17142857142857143,0.05714285714285714,0.05714285714285714,0.05714285714285714,0.08571428571428572,private not-for-profit educational institution
Q2101564,0.34285714285714286,0.05714285714285714,0.0,0.0,0.02857142857142857,specification
Q188889,0.34285714285714286,0.05714285714285714,0.0,0.0,0.02857142857142857,code
Q1783551,0.34285714285714286,0.05714285714285714,0.0,0.0,0.02857142857142857,data conversion
Q17164790,0.34285714285714286,0.05714285714285714,0.0,0.0,0.02857142857142857,sign
Q16512470,0.3142857142857143,0.05714285714285714,0.0,0.0,0.05714285714285714,rule
Q191067,0.2857142857142857,0.05714285714285714,0.02857142857142857,0.0,0.05714285714285714,article
Q161243,0.34285714285714286,0.05714285714285714,0.0,0.0,0.02857142857142857,dependent territory
Q1151067,0.3142857142857143,0.05714285714285714,0.0,0.0,0.05714285714285714,rule
Q133156,0.34285714285714286,0.05714285714285714,0.0,0.0,0.02857142857142857,colony
Q23002042,0.17142857142857143,0.05714285714285714,0.05714285714285714,0.05714285714285714,0.08571428571428572,private educational institution
Q5633421,0.2,0.05714285714285714,0.0,0.05714285714285714,0.11428571428571428,scientific journal
Q7590,0.34285714285714286,0.05714285714285714,0.02857142857142857,0.0,0.0,transport
Q223393,0.34285714285714286,0.05714285714285714,0.0,0.0,0.02857142857142857,literary genre
Q79782,0.34285714285714286,0.05714285714285714,0.02857142857142857,0.0,0.0,motion
Q42213,0.3142857142857143,0.05714285714285714,0.0,0.02857142857142857,0.02857142857142857,work
Q1047113,0.3142857142857143,0.05714285714285714,0.02857142857142857,0.0,0.02857142857142857,specialty
Q11862829,0.3142857142857143,0.05714285714285714,0.02857142857142857,0.0,0.02857142857142857,academic discipline
Q15916540,0.2857142857142857,0.05714285714285714,0.02857142857142857,0.02857142857142857,0.02857142857142857,semantic unit
Q3354606,0.3142857142857143,0.05714285714285714,0.0,0.02857142857142857,0.02857142857142857,Transfer operator
Q1437361,0.2,0.05714285714285714,0.02857142857142857,0.0,0.14285714285714285,form
Q13027888,0.3142857142857143,0.05714285714285714,0.02857142857142857,0.0,0.02857142857142857,baseball team
Q213016,0.3142857142857143,0.05714285714285714,0.0,0.02857142857142857,0.02857142857142857,thermodynamic process
Q28314507,0.34285714285714286,0.05714285714285714,0.0,0.0,0.02857142857142857,recurring
Q39725049,0.17142857142857143,0.05714285714285714,0.02857142857142857,0.05714285714285714,0.11428571428571428,type of publication
Q6486703,0.3142857142857143,0.05714285714285714,0.02857142857142857,0.0,0.02857142857142857,Language arts
Q7725310,0.2857142857142857,0.05714285714285714,0.0,0.0,0.08571428571428572,series of creative works
Q2217301,0.2857142857142857,0.05714285714285714,0.02857142857142857,0.02857142857142857,0.02857142857142857,serial
Q8242,0.3142857142857143,0.05714285714285714,0.02857142857142857,0.0,0.02857142857142857,literature
Q1002697,0.2857142857142857,0.05714285714285714,0.02857142857142857,0.02857142857142857,0.02857142857142857,periodical literature
Q17008256,0.2571428571428571,0.05714285714285714,0.05714285714285714,0.02857142857142857,0.02857142857142857,collection
Q15211908,0.3142857142857143,0.05714285714285714,0.0,0.02857142857142857,0.02857142857142857,energy transfer
Q19829125,0.14285714285714285,0.05714285714285714,0.08571428571428572,0.02857142857142857,0.11428571428571428,absence
Q12774754,0.3142857142857143,0.05714285714285714,0.0,0.02857142857142857,0.02857142857142857,
Q16877783,0.2857142857142857,0.05714285714285714,0.02857142857142857,0.02857142857142857,0.02857142857142857,meaning
Q4897819,0.14285714285714285,0.05714285714285714,0.08571428571428572,0.02857142857142857,0.11428571428571428,role
Q28083137,0.37142857142857144,0.05714285714285714,0.0,0.0,0.0,football team
Q494230,0.37142857142857144,0.05714285714285714,0.0,0.0,0.0,medical school
Q18336849,0.37142857142857144,0.05714285714285714,0.0,0.0,0.0,item with given name property
Q17376908,0.34285714285714286,0.05714285714285714,0.0,0.02857142857142857,0.0,languoid
Q2097994,0.14285714285714285,0.05714285714285714,0.05714285714285714,0.02857142857142857,0.14285714285714285,municipal corporation
Q15632617,0.37142857142857144,0.05714285714285714,0.0,0.0,0.0,fictional human
Q79007,0.34285714285714286,0.05714285714285714,0.0,0.02857142857142857,0.0,street
Q7551384,0.17142857142857143,0.05714285714285714,0.02857142857142857,0.0,0.17142857142857143,social space
Q15944511,0.37142857142857144,0.05714285714285714,0.0,0.0,0.0,association football team
Q1352230,0.34285714285714286,0.05714285714285714,0.0,0.02857142857142857,0.0,territory of the United States
Q3257686,0.14285714285714285,0.05714285714285714,0.08571428571428572,0.0,0.14285714285714285,locality
Q3327870,0.14285714285714285,0.05714285714285714,0.08571428571428572,0.0,0.14285714285714285,municipal corporation in the United States
Q294440,0.17142857142857143,0.05714285714285714,0.02857142857142857,0.0,0.17142857142857143,public space
Q515,0.14285714285714285,0.05714285714285714,0.08571428571428572,0.0,0.14285714285714285,city
Q327245,0.05714285714285714,0.05714285714285714,0.05714285714285714,0.05714285714285714,0.2,team
Q28923954,0.34285714285714286,0.05714285714285714,0.02857142857142857,0.0,0.0,languoid class
Q6501447,0.14285714285714285,0.05714285714285714,0.05714285714285714,0.02857142857142857,0.14285714285714285,local government
Q7248094,0.37142857142857144,0.05714285714285714,0.0,0.0,0.0,professional school
Q702492,0.14285714285714285,0.05714285714285714,0.08571428571428572,0.0,0.14285714285714285,urban area
Q7188,0.14285714285714285,0.05714285714285714,0.05714285714285714,0.02857142857142857,0.14285714285714285,government
Q7210356,0.11428571428571428,0.05714285714285714,0.08571428571428572,0.02857142857142857,0.14285714285714285,political organisation
Q11796413,0.37142857142857144,0.05714285714285714,0.0,0.0,0.0,decoration
Q15284,0.14285714285714285,0.05714285714285714,0.05714285714285714,0.02857142857142857,0.14285714285714285,municipality
Q15253706,0.22857142857142856,0.05714285714285714,0.08571428571428572,0.0,0.05714285714285714,like a city
Q476300,0.34285714285714286,0.05714285714285714,0.02857142857142857,0.0,0.0,competition
Q95074,0.37142857142857144,0.05714285714285714,0.0,0.0,0.0,fictional character
Q30017383,0.37142857142857144,0.05714285714285714,0.0,0.0,0.0,fictional organism
Q28020127,0.37142857142857144,0.05714285714285714,0.0,0.0,0.0,fictional humanoid
Q476028,0.34285714285714286,0.05714285714285714,0.0,0.0,0.02857142857142857,association football club
Q7512598,0.37142857142857144,0.05714285714285714,0.0,0.0,0.0,sign system
Q3622126,0.37142857142857144,0.05714285714285714,0.0,0.0,0.0,conceptual system
Q2001982,0.37142857142857144,0.05714285714285714,0.0,0.0,0.0,notation
Q10876391,0.37142857142857144,0.05714285714285714,0.0,0.0,0.0,Wikipedia language edition
Q23807345,0.34285714285714286,0.05714285714285714,0.02857142857142857,0.0,0.0,competition
Q1093829,0.22857142857142856,0.05714285714285714,0.08571428571428572,0.0,0.05714285714285714,city of the United States
Q18608583,0.34285714285714286,0.05714285714285714,0.02857142857142857,0.0,0.0,recurring sporting event
Q15275719,0.34285714285714286,0.05714285714285714,0.02857142857142857,0.0,0.0,recurring event
Q13406554,0.34285714285714286,0.05714285714285714,0.02857142857142857,0.0,0.0,sport competition
Q12044624,0.34285714285714286,0.05714285714285714,0.02857142857142857,0.0,0.0,periodic process
Q1777138,0.37142857142857144,0.05714285714285714,0.0,0.0,0.0,race track
Q2593744,0.37142857142857144,0.05714285714285714,0.0,0.0,0.0,fictional creature
Q685935,0.34285714285714286,0.05714285714285714,0.02857142857142857,0.0,0.0,trade magazine
Q737498,0.37142857142857144,0.05714285714285714,0.0,0.0,0.0,academic journal
Q7930989,0.14285714285714285,0.05714285714285714,0.08571428571428572,0.0,0.14285714285714285,city/town
Q13360155,0.2857142857142857,0.05714285714285714,0.02857142857142857,0.0,0.05714285714285714,county or county-equivalent
Q740752,0.3142857142857143,0.05714285714285714,0.0,0.05714285714285714,0.0,transport company
Q28575,0.3142857142857143,0.05714285714285714,0.0,0.0,0.05714285714285714,county
Q637846,0.2857142857142857,0.05714285714285714,0.0,0.05714285714285714,0.02857142857142857,upper house
Q61788060,0.2,0.05714285714285714,0.05714285714285714,0.02857142857142857,0.08571428571428572,human activity
Q62078547,0.2571428571428571,0.05714285714285714,0.05714285714285714,0.0,0.05714285714285714,public research university
Q1321960,0.34285714285714286,0.05714285714285714,0.0,0.0,0.02857142857142857,law school
Q13393265,0.2,0.05714285714285714,0.08571428571428572,0.08571428571428572,0.0,basketball team
Q17737,0.08571428571428572,0.05714285714285714,0.05714285714285714,0.0,0.22857142857142856,theory
Q17361443,0.3142857142857143,0.05714285714285714,0.02857142857142857,0.0,0.02857142857142857,administrative territorial entity of a state of the United States
Q47168,0.3142857142857143,0.05714285714285714,0.02857142857142857,0.0,0.02857142857142857,county of the United States
Q4026292,0.11428571428571428,0.05714285714285714,0.02857142857142857,0.05714285714285714,0.17142857142857143,action
Q193544,0.08571428571428572,0.05714285714285714,0.05714285714285714,0.0,0.22857142857142856,music theory
Q5915039,0.0,0.05714285714285714,0.05714285714285714,0.05714285714285714,0.2571428571428571,inconstancy
Q20202269,0.08571428571428572,0.05714285714285714,0.05714285714285714,0.0,0.22857142857142856,music term
Q12973014,0.05714285714285714,0.05714285714285714,0.05714285714285714,0.05714285714285714,0.2,sports team
Q20937557,0.0,0.05714285714285714,0.0,0.05714285714285714,0.3142857142857143,series
Q15891112,0.2857142857142857,0.05714285714285714,0.0,0.05714285714285714,0.02857142857142857,upper house of U.S. state legislature
Q1150070,0.0,0.05714285714285714,0.05714285714285714,0.05714285714285714,0.2571428571428571,change
Q214339,0.14285714285714285,0.05714285714285714,0.08571428571428572,0.02857142857142857,0.11428571428571428,role
Q2352616,0.2857142857142857,0.05714285714285714,0.02857142857142857,0.02857142857142857,0.02857142857142857,catalog
Q108163,0.2857142857142857,0.05714285714285714,0.02857142857142857,0.02857142857142857,0.02857142857142857,proposition
Q21522864,0.08571428571428572,0.05714285714285714,0.02857142857142857,0.05714285714285714,0.2,class or metaclass of Wikidata ontology
Q4164871,0.14285714285714285,0.05714285714285714,0.08571428571428572,0.02857142857142857,0.11428571428571428,position
Q16710795,0.37142857142857144,0.05714285714285714,0.0,0.0,0.0,specialized higher education institution
Q28737012,0.34285714285714286,0.05714285714285714,0.02857142857142857,0.0,0.0,museum of culture
Q13220391,0.37142857142857144,0.05714285714285714,0.0,0.0,0.0,graduate school
Q207694,0.34285714285714286,0.05714285714285714,0.02857142857142857,0.0,0.0,art museum
Q2367225,0.14285714285714285,0.05714285714285714,0.05714285714285714,0.02857142857142857,0.14285714285714285,university and college sports club
Q1685451,0.14285714285714285,0.05714285714285714,0.05714285714285714,0.02857142857142857,0.14285714285714285,student society
Q875538,0.34285714285714286,0.05714285714285714,0.0,0.02857142857142857,0.0,public university
Q1799794,0.22857142857142856,0.05714285714285714,0.05714285714285714,0.0,0.08571428571428572,administrative territorial entity of a specific level
Q22294683,0.3142857142857143,0.02857142857142857,0.02857142857142857,0.02857142857142857,0.02857142857142857,intraspecies interaction between organisms
Q30241068,0.4,0.02857142857142857,0.0,0.0,0.0,observable entity
Q23009552,0.3142857142857143,0.02857142857142857,0.02857142857142857,0.02857142857142857,0.02857142857142857,exchange
Q591041,0.3142857142857143,0.02857142857142857,0.05714285714285714,0.0,0.02857142857142857,scholarly publication
Q55915575,0.34285714285714286,0.02857142857142857,0.02857142857142857,0.0,0.02857142857142857,scholarly work
Q213051,0.3142857142857143,0.02857142857142857,0.05714285714285714,0.0,0.02857142857142857,non-fiction
Q13442814,0.34285714285714286,0.02857142857142857,0.02857142857142857,0.0,0.02857142857142857,scholarly article
Q28733284,0.4,0.02857142857142857,0.0,0.0,0.0,scalar magnitude
Q23009675,0.2857142857142857,0.02857142857142857,0.05714285714285714,0.02857142857142857,0.02857142857142857,gifting
Q24862,0.4,0.02857142857142857,0.0,0.0,0.0,short film
Q190752,0.34285714285714286,0.02857142857142857,0.0,0.02857142857142857,0.02857142857142857,supreme court
Q1924397,0.4,0.02857142857142857,0.0,0.0,0.0,measurement technique
Q11826511,0.34285714285714286,0.02857142857142857,0.02857142857142857,0.0,0.02857142857142857,scientific work
Q2990593,0.3142857142857143,0.02857142857142857,0.02857142857142857,0.02857142857142857,0.02857142857142857,animal behavior
Q41487,0.34285714285714286,0.02857142857142857,0.0,0.02857142857142857,0.02857142857142857,court
Q36253,0.4,0.02857142857142857,0.0,0.0,0.0,length
Q322481,0.4,0.02857142857142857,0.0,0.0,0.0,size
Q2570643,0.3142857142857143,0.02857142857142857,0.0,0.05714285714285714,0.02857142857142857,senate
Q4959031,0.34285714285714286,0.02857142857142857,0.0,0.02857142857142857,0.02857142857142857,appellate court
Q7603882,0.34285714285714286,0.02857142857142857,0.0,0.02857142857142857,0.02857142857142857,state supreme court
Q13414763,0.4,0.02857142857142857,0.0,0.0,0.0,county of Pennsylvania
Q1075106,0.4,0.02857142857142857,0.0,0.0,0.0,state university system
Q8261,0.4,0.02857142857142857,0.0,0.0,0.0,novel
Q86850,0.4,0.02857142857142857,0.0,0.0,0.0,film gauge
Q865746,0.4,0.02857142857142857,0.0,0.0,0.0,metric function
Q921513,0.3142857142857143,0.02857142857142857,0.02857142857142857,0.02857142857142857,0.02857142857142857,social organism behavior
Q759853,0.4,0.02857142857142857,0.0,0.0,0.0,film format
Q17156793,0.2857142857142857,0.02857142857142857,0.05714285714285714,0.0,0.05714285714285714,American football team
Q1377182,0.3142857142857143,0.02857142857142857,0.0,0.05714285714285714,0.02857142857142857,liberal arts college
Q4022,0.3142857142857143,0.02857142857142857,0.02857142857142857,0.02857142857142857,0.02857142857142857,river
Q189004,0.3142857142857143,0.02857142857142857,0.0,0.05714285714285714,0.02857142857142857,college
Q21114848,0.2,0.02857142857142857,0.02857142857142857,0.05714285714285714,0.11428571428571428,magazine genre
Q14897293,0.37142857142857144,0.02857142857142857,0.02857142857142857,0.0,0.0,fictional entity
Q15773317,0.4,0.02857142857142857,0.0,0.0,0.0,television character
Q15773347,0.4,0.02857142857142857,0.0,0.0,0.0,film character
Q6031064,0.3142857142857143,0.02857142857142857,0.02857142857142857,0.02857142857142857,0.02857142857142857,information exchange
Q6423319,0.4,0.02857142857142857,0.0,0.0,0.0,knowledge organization system
Q10553309,0.2571428571428571,0.02857142857142857,0.05714285714285714,0.02857142857142857,0.05714285714285714,legislative house
Q3308934,0.34285714285714286,0.02857142857142857,0.0,0.02857142857142857,0.02857142857142857,state court
Q1125239,0.2571428571428571,0.02857142857142857,0.02857142857142857,0.02857142857142857,0.08571428571428572,public body
Q15708736,0.2571428571428571,0.02857142857142857,0.02857142857142857,0.02857142857142857,0.08571428571428572,public authority
Q1620945,0.37142857142857144,0.02857142857142857,0.02857142857142857,0.0,0.0,historically black colleges and universities
Q126017,0.4,0.02857142857142857,0.0,0.0,0.0,distance
Q1412224,0.34285714285714286,0.02857142857142857,0.0,0.02857142857142857,0.02857142857142857,tribunal
Q2085381,0.4,0.02857142857142857,0.0,0.0,0.0,publisher
Q18783400,0.4,0.02857142857142857,0.0,0.0,0.0,genre of sculpture
Q25929224,0.4,0.02857142857142857,0.0,0.0,0.0,transfer of sovereignty
Q240854,0.4,0.02857142857142857,0.0,0.0,0.0,hall
Q3469910,0.4,0.02857142857142857,0.0,0.0,0.0,performing arts center
Q483110,0.4,0.02857142857142857,0.0,0.0,0.0,stadium
Q56052926,0.4,0.02857142857142857,0.0,0.0,0.0,building division
Q57660343,0.4,0.02857142857142857,0.0,0.0,0.0,performing arts building
Q641226,0.4,0.02857142857142857,0.0,0.0,0.0,arena
Q1759852,0.4,0.02857142857142857,0.0,0.0,0.0,sculpture garden
Q18674739,0.4,0.02857142857142857,0.0,0.0,0.0,event venue
Q7328910,0.4,0.02857142857142857,0.0,0.0,0.0,art collection
Q33384,0.4,0.02857142857142857,0.0,0.0,0.0,dialect
Q172754,0.4,0.02857142857142857,0.0,0.0,0.0,World's Fair
Q29023906,0.4,0.02857142857142857,0.0,0.0,0.0,temporary exhibition
Q464980,0.4,0.02857142857142857,0.0,0.0,0.0,exhibition
Q1620919,0.4,0.02857142857142857,0.0,0.0,0.0,organized incorporated territory
Q2133296,0.4,0.02857142857142857,0.0,0.0,0.0,space
Q1763828,0.4,0.02857142857142857,0.0,0.0,0.0,multi-purpose hall
Q33289,0.4,0.02857142857142857,0.0,0.0,0.0,creole language
Q1371819,0.37142857142857144,0.02857142857142857,0.0,0.02857142857142857,0.0,plan
Q11081619,0.34285714285714286,0.02857142857142857,0.02857142857142857,0.0,0.02857142857142857,land
Q1454188,0.37142857142857144,0.02857142857142857,0.0,0.0,0.02857142857142857,free area
Q22652,0.37142857142857144,0.02857142857142857,0.0,0.0,0.02857142857142857,green space
Q22698,0.37142857142857144,0.02857142857142857,0.0,0.0,0.02857142857142857,park
Q4946305,0.34285714285714286,0.02857142857142857,0.02857142857142857,0.0,0.02857142857142857,borough in the United States
Q5195043,0.34285714285714286,0.02857142857142857,0.02857142857142857,0.0,0.02857142857142857,borough
Q777120,0.34285714285714286,0.02857142857142857,0.02857142857142857,0.0,0.02857142857142857,borough of Pennsylvania
Q1299240,0.4,0.02857142857142857,0.0,0.0,0.0,interior space
Q3704243,0.4,0.02857142857142857,0.0,0.0,0.0,Ethnographic group
Q6540832,0.37142857142857144,0.02857142857142857,0.0,0.02857142857142857,0.0,liberal arts college in the United States
Q1798622,0.4,0.02857142857142857,0.0,0.0,0.0,governorate
Q1291195,0.4,0.02857142857142857,0.0,0.0,0.0,find spot
Q14524493,0.4,0.02857142857142857,0.0,0.0,0.0,terrain
Q839954,0.4,0.02857142857142857,0.0,0.0,0.0,archaeological site
Q5214867,0.4,0.02857142857142857,0.0,0.0,0.0,federal territory
Q335214,0.4,0.02857142857142857,0.0,0.0,0.0,endangered language
Q179700,0.4,0.02857142857142857,0.0,0.0,0.0,statue
Q19659229,0.34285714285714286,0.02857142857142857,0.02857142857142857,0.02857142857142857,0.0,local anthem
Q5774403,0.4,0.02857142857142857,0.0,0.0,0.0,historical society
Q11755880,0.4,0.02857142857142857,0.0,0.0,0.0,residential building
Q1307276,0.4,0.02857142857142857,0.0,0.0,0.0,single-family detached home
Q3947,0.4,0.02857142857142857,0.0,0.0,0.0,house
Q699405,0.4,0.02857142857142857,0.0,0.0,0.0,residence
Q1188663,0.4,0.02857142857142857,0.0,0.0,0.0,Colonial Colleges
Q10389811,0.4,0.02857142857142857,0.0,0.0,0.0,entry
Q15265344,0.4,0.02857142857142857,0.0,0.0,0.0,broadcaster
Q17329259,0.4,0.02857142857142857,0.0,0.0,0.0,encyclopedic article
Q16103215,0.4,0.02857142857142857,0.0,0.0,0.0,boat type
Q178193,0.4,0.02857142857142857,0.0,0.0,0.0,steamboat
Q162633,0.4,0.02857142857142857,0.0,0.0,0.0,academy
Q1792623,0.4,0.02857142857142857,0.0,0.0,0.0,arts educational institution
Q383092,0.4,0.02857142857142857,0.0,0.0,0.0,art school
Q25080094,0.4,0.02857142857142857,0.0,0.0,0.0,primary election in the United States
Q14350,0.4,0.02857142857142857,0.0,0.0,0.0,radio station
Q33742,0.4,0.02857142857142857,0.0,0.0,0.0,natural language
Q498162,0.37142857142857144,0.02857142857142857,0.02857142857142857,0.0,0.0,census-designated place
Q11303,0.4,0.02857142857142857,0.0,0.0,0.0,skyscraper
Q11755959,0.4,0.02857142857142857,0.0,0.0,0.0,multi-storey urban building
Q18142,0.4,0.02857142857142857,0.0,0.0,0.0,high-rise building
Q39367,0.4,0.02857142857142857,0.0,0.0,0.0,dog breed
Q40357,0.4,0.02857142857142857,0.0,0.0,0.0,prison
Q3389680,0.37142857142857144,0.02857142857142857,0.02857142857142857,0.0,0.0,census place
Q15709880,0.37142857142857144,0.02857142857142857,0.02857142857142857,0.0,0.0,serial
Q235557,0.4,0.02857142857142857,0.0,0.0,0.0,file format
Q5398426,0.37142857142857144,0.02857142857142857,0.02857142857142857,0.0,0.0,television series
Q15304943,0.4,0.02857142857142857,0.0,0.0,0.0,chicken breed
Q16510064,0.4,0.02857142857142857,0.0,0.0,0.0,sporting event
Q22938576,0.4,0.02857142857142857,0.0,0.0,0.0,race
Q27968055,0.4,0.02857142857142857,0.0,0.0,0.0,recurrent event edition
Q207934,0.4,0.02857142857142857,0.0,0.0,0.0,avenue
Q149377,0.4,0.02857142857142857,0.0,0.0,0.0,military operation plan
Q18812548,0.4,0.02857142857142857,0.0,0.0,0.0,campaign
Q220659,0.37142857142857144,0.02857142857142857,0.0,0.0,0.02857142857142857,archaeological artifact
Q470540,0.4,0.02857142857142857,0.0,0.0,0.0,seat
Q1160573,0.37142857142857144,0.02857142857142857,0.02857142857142857,0.0,0.0,horse breed
Q928830,0.37142857142857144,0.02857142857142857,0.0,0.0,0.02857142857142857,metro station
Q11670533,0.37142857142857144,0.02857142857142857,0.0,0.0,0.02857142857142857,elevated station
Q674950,0.4,0.02857142857142857,0.0,0.0,0.0,residential area
Q62049,0.4,0.02857142857142857,0.0,0.0,0.0,county seat
Q5119,0.4,0.02857142857142857,0.0,0.0,0.0,capital
Q467970,0.4,0.02857142857142857,0.0,0.0,0.0,permanent establishment
Q3957,0.2571428571428571,0.02857142857142857,0.05714285714285714,0.0,0.08571428571428572,town
Q30892871,0.37142857142857144,0.02857142857142857,0.0,0.0,0.02857142857142857,inhabited area
Q21518270,0.4,0.02857142857142857,0.0,0.0,0.0,state or insular area capital in the United States
Q18587469,0.4,0.02857142857142857,0.0,0.0,0.0,residential community
Q149013,0.4,0.02857142857142857,0.0,0.0,0.0,spatial planning
Q123705,0.37142857142857144,0.02857142857142857,0.0,0.0,0.02857142857142857,neighborhood
Q1165944,0.4,0.02857142857142857,0.0,0.0,0.0,land use
Q10855242,0.4,0.02857142857142857,0.0,0.0,0.0,race horse
Q15127012,0.2857142857142857,0.02857142857142857,0.08571428571428572,0.0,0.02857142857142857,town of the United States
Q1791627,0.37142857142857144,0.02857142857142857,0.0,0.0,0.02857142857142857,cultural artifact
Q15633587,0.34285714285714286,0.02857142857142857,0.0,0.02857142857142857,0.02857142857142857,MediaWiki main-namespace page
Q795052,0.4,0.02857142857142857,0.0,0.0,0.0,individual
Q26401003,0.4,0.02857142857142857,0.0,0.0,0.0,individual animal
Q210826,0.4,0.02857142857142857,0.0,0.0,0.0,Thoroughbred
Q166620,0.3142857142857143,0.02857142857142857,0.02857142857142857,0.02857142857142857,0.02857142857142857,drainage basin
Q12139612,0.34285714285714286,0.02857142857142857,0.0,0.02857142857142857,0.02857142857142857,list
Q13406463,0.37142857142857144,0.02857142857142857,0.0,0.0,0.02857142857142857,Wikimedia list article
Q16773055,0.37142857142857144,0.02857142857142857,0.0,0.0,0.02857142857142857,object aggregation
Q827335,0.37142857142857144,0.02857142857142857,0.0,0.0,0.02857142857142857,abstract data type
Q175263,0.37142857142857144,0.02857142857142857,0.0,0.0,0.02857142857142857,data structure
Q1979154,0.37142857142857144,0.02857142857142857,0.0,0.0,0.02857142857142857,model
Q23007394,0.37142857142857144,0.02857142857142857,0.0,0.0,0.02857142857142857,aggregation
Q27948,0.37142857142857144,0.02857142857142857,0.0,0.0,0.02857142857142857,list
Q390066,0.37142857142857144,0.02857142857142857,0.0,0.0,0.02857142857142857,object composition
Q486902,0.37142857142857144,0.02857142857142857,0.0,0.0,0.02857142857142857,mathematical model
Q11271835,0.4,0.02857142857142857,0.0,0.0,0.0,state capital
Q1074523,0.4,0.02857142857142857,0.0,0.0,0.0,planned community
Q11578774,0.34285714285714286,0.02857142857142857,0.0,0.0,0.05714285714285714,broadcasting program
Q645883,0.4,0.02857142857142857,0.0,0.0,0.0,military operation
Q953806,0.4,0.02857142857142857,0.0,0.0,0.0,bus stop
Q548662,0.4,0.02857142857142857,0.0,0.0,0.0,transportation stop
Q494829,0.4,0.02857142857142857,0.0,0.0,0.0,bus station
Q2298537,0.4,0.02857142857142857,0.0,0.0,0.0,transport hub
Q19832486,0.4,0.02857142857142857,0.0,0.0,0.0,locomotive class
Q831663,0.4,0.02857142857142857,0.0,0.0,0.0,military campaign
Q5962346,0.3142857142857143,0.02857142857142857,0.02857142857142857,0.02857142857142857,0.02857142857142857,classification scheme
Q15416,0.34285714285714286,0.02857142857142857,0.0,0.0,0.05714285714285714,television program
Q1046088,0.37142857142857144,0.02857142857142857,0.0,0.0,0.02857142857142857,hall of fame
Q57659484,0.37142857142857144,0.02857142857142857,0.0,0.0,0.02857142857142857,exhibition building
Q10855061,0.37142857142857144,0.02857142857142857,0.0,0.0,0.02857142857142857,archaeological find
Q112110,0.37142857142857144,0.02857142857142857,0.0,0.0,0.02857142857142857,emblem
Q14660,0.37142857142857144,0.02857142857142857,0.0,0.0,0.02857142857142857,flag
Q17335294,0.37142857142857144,0.02857142857142857,0.0,0.0,0.02857142857142857,flag or coat of arms
Q1022147,0.4,0.02857142857142857,0.0,0.0,0.0,inter-city rail
Q1301433,0.37142857142857144,0.02857142857142857,0.02857142857142857,0.0,0.0,land vehicle
Q363948,0.34285714285714286,0.02857142857142857,0.02857142857142857,0.0,0.02857142857142857,contradiction
Q1363599,0.4,0.02857142857142857,0.0,0.0,0.0,passenger train
Q15618781,0.4,0.02857142857142857,0.0,0.0,0.0,wheeled vehicle
Q180684,0.34285714285714286,0.02857142857142857,0.02857142857142857,0.0,0.02857142857142857,conflict
Q4263830,0.34285714285714286,0.02857142857142857,0.0,0.0,0.05714285714285714,literary form
Q870,0.4,0.02857142857142857,0.0,0.0,0.0,train
Q1331793,0.4,0.02857142857142857,0.0,0.0,0.0,media company
Q22269697,0.3142857142857143,0.02857142857142857,0.02857142857142857,0.02857142857142857,0.02857142857142857,multi-organism process
Q479716,0.4,0.02857142857142857,0.0,0.0,0.0,university press
Q17451,0.37142857142857144,0.02857142857142857,0.0,0.0,0.02857142857142857,typeface
Q37654,0.37142857142857144,0.02857142857142857,0.0,0.0,0.02857142857142857,market
Q41710,0.37142857142857144,0.02857142857142857,0.0,0.02857142857142857,0.0,ethnic group
Q159810,0.37142857142857144,0.02857142857142857,0.0,0.0,0.02857142857142857,economy
Q170584,0.37142857142857144,0.02857142857142857,0.0,0.02857142857142857,0.0,project
Q902104,0.34285714285714286,0.02857142857142857,0.02857142857142857,0.0,0.02857142857142857,private university
Q22272508,0.3142857142857143,0.02857142857142857,0.02857142857142857,0.02857142857142857,0.02857142857142857,multi-organism behavior
Q644371,0.4,0.02857142857142857,0.0,0.0,0.0,International airport
Q1298668,0.4,0.02857142857142857,0.0,0.0,0.0,science project
Q2485448,0.4,0.02857142857142857,0.0,0.0,0.0,sports governing body
Q739302,0.2571428571428571,0.02857142857142857,0.05714285714285714,0.02857142857142857,0.05714285714285714,production
Q34651,0.4,0.02857142857142857,0.0,0.0,0.0,Christian Church
Q35032,0.4,0.02857142857142857,0.0,0.0,0.0,Eastern Orthodox Church
Q49447,0.4,0.02857142857142857,0.0,0.0,0.0,world view
Q51041800,0.4,0.02857142857142857,0.0,0.0,0.0,religious administrative entity
Q595523,0.4,0.02857142857142857,0.0,0.0,0.0,notion
Q5982983,0.4,0.02857142857142857,0.0,0.0,0.0,jurisdiction
Q665487,0.4,0.02857142857142857,0.0,0.0,0.0,diocese
Q1239328,0.4,0.02857142857142857,0.0,0.0,0.0,national encyclopedia
Q1250464,0.4,0.02857142857142857,0.0,0.0,0.0,realm
Q22676587,0.4,0.02857142857142857,0.0,0.0,0.0,monarchic system
Q417175,0.4,0.02857142857142857,0.0,0.0,0.0,kingdom
Q7269,0.4,0.02857142857142857,0.0,0.0,0.0,monarchy
Q15911314,0.4,0.02857142857142857,0.0,0.0,0.0,association
Q5588651,0.4,0.02857142857142857,0.0,0.0,0.0,governing body
Q20926517,0.4,0.02857142857142857,0.0,0.0,0.0,religious administrative territorial entity
Q58840819,0.4,0.02857142857142857,0.0,0.0,0.0,national rugby union team
Q2431196,0.14285714285714285,0.02857142857142857,0.05714285714285714,0.02857142857142857,0.17142857142857143,audiovisual work
Q11105360,0.4,0.02857142857142857,0.0,0.0,0.0,medium of exchange
Q1368,0.4,0.02857142857142857,0.0,0.0,0.0,666
Q15809678,0.4,0.02857142857142857,0.0,0.0,0.0,financial product
Q1643989,0.4,0.02857142857142857,0.0,0.0,0.0,legal tender
Q1659862,0.4,0.02857142857142857,0.0,0.0,0.0,nominal good
Q9332,0.22857142857142856,0.02857142857142857,0.05714285714285714,0.05714285714285714,0.05714285714285714,behavior
Q80071,0.34285714285714286,0.02857142857142857,0.0,0.0,0.05714285714285714,symbol
Q1789452,0.4,0.02857142857142857,0.0,0.0,0.0,criterion
Q190122,0.4,0.02857142857142857,0.0,0.0,0.0,promissory note
Q478798,0.34285714285714286,0.02857142857142857,0.0,0.0,0.05714285714285714,image
Q1921834,0.4,0.02857142857142857,0.0,0.0,0.0,feature
Q25351891,0.4,0.02857142857142857,0.0,0.0,0.0,business service
Q20978643,0.4,0.02857142857142857,0.0,0.0,0.0,point of view
Q8148,0.2571428571428571,0.02857142857142857,0.05714285714285714,0.02857142857142857,0.05714285714285714,industry
Q39875001,0.4,0.02857142857142857,0.0,0.0,0.0,measure
Q7377,0.37142857142857144,0.02857142857142857,0.0,0.0,0.02857142857142857,mammal
Q2996394,0.22857142857142856,0.02857142857142857,0.02857142857142857,0.05714285714285714,0.08571428571428572,biological process
Q2085518,0.2,0.02857142857142857,0.05714285714285714,0.0,0.14285714285714285,format
Q5164076,0.4,0.02857142857142857,0.0,0.0,0.0,constituent state
Q188451,0.37142857142857144,0.02857142857142857,0.0,0.0,0.02857142857142857,music genre
Q15711870,0.4,0.02857142857142857,0.0,0.0,0.0,animated character
Q185478,0.4,0.02857142857142857,0.0,0.0,0.0,countable set
Q272404,0.4,0.02857142857142857,0.0,0.0,0.0,finite set
Q8192,0.4,0.02857142857142857,0.0,0.0,0.0,writing system
Q15198957,0.22857142857142856,0.02857142857142857,0.02857142857142857,0.0,0.14285714285714285,aspect of music
Q13878858,0.22857142857142856,0.02857142857142857,0.02857142857142857,0.05714285714285714,0.08571428571428572,natural process
Q9779,0.4,0.02857142857142857,0.0,0.0,0.0,alphabet
Q1799072,0.4,0.02857142857142857,0.0,0.0,0.0,method
Q59211454,0.3142857142857143,0.02857142857142857,0.02857142857142857,0.0,0.05714285714285714,level of description
Q11723795,0.3142857142857143,0.02857142857142857,0.02857142857142857,0.0,0.05714285714285714,item
Q729,0.37142857142857144,0.02857142857142857,0.0,0.0,0.02857142857142857,animal
Q1649443,0.4,0.02857142857142857,0.0,0.0,0.0,national Church
Q726,0.37142857142857144,0.02857142857142857,0.0,0.0,0.02857142857142857,horse
Q622852,0.37142857142857144,0.02857142857142857,0.0,0.0,0.02857142857142857,domesticated animal
Q57814795,0.37142857142857144,0.02857142857142857,0.0,0.0,0.02857142857142857,domesticated mammal
Q5,0.2857142857142857,0.02857142857142857,0.0,0.02857142857142857,0.08571428571428572,human
Q340169,0.05714285714285714,0.02857142857142857,0.05714285714285714,0.02857142857142857,0.2571428571428571,communication medium
Q1319599,0.4,0.02857142857142857,0.0,0.0,0.0,ice giant
Q30014,0.4,0.02857142857142857,0.0,0.0,0.0,outer planet
Q1194951,0.4,0.02857142857142857,0.0,0.0,0.0,national sports team
Q6979593,0.4,0.02857142857142857,0.0,0.0,0.0,national association football team
Q1282276,0.4,0.02857142857142857,0.0,0.0,0.0,patriarchate
Q131841,0.4,0.02857142857142857,0.0,0.0,0.0,idea
Q13414953,0.4,0.02857142857142857,0.0,0.0,0.0,religious denomination
Q1492823,0.4,0.02857142857142857,0.0,0.0,0.0,
Q1530022,0.4,0.02857142857142857,0.0,0.0,0.0,religious organization
Q28038717,0.4,0.02857142857142857,0.0,0.0,0.0,Negotiable instrument
Q47574,0.4,0.02857142857142857,0.0,0.0,0.0,unit of measurement
Q4204491,0.4,0.02857142857142857,0.0,0.0,0.0,administrative territorial entity of the Soviet Union
Q1084,0.22857142857142856,0.02857142857142857,0.08571428571428572,0.05714285714285714,0.02857142857142857,noun
Q2944660,0.22857142857142856,0.02857142857142857,0.08571428571428572,0.05714285714285714,0.02857142857142857,lexical item
Q28129886,0.22857142857142856,0.02857142857142857,0.08571428571428572,0.05714285714285714,0.02857142857142857,proper name
Q2303637,0.22857142857142856,0.02857142857142857,0.08571428571428572,0.05714285714285714,0.02857142857142857,syntagma
Q20817253,0.17142857142857143,0.02857142857142857,0.08571428571428572,0.08571428571428572,0.05714285714285714,linguistic unit
Q202444,0.3142857142857143,0.02857142857142857,0.0,0.05714285714285714,0.02857142857142857,given name
Q187931,0.22857142857142856,0.02857142857142857,0.08571428571428572,0.05714285714285714,0.02857142857142857,phrase
Q1786828,0.17142857142857143,0.02857142857142857,0.08571428571428572,0.08571428571428572,0.05714285714285714,constituent
Q1774041,0.22857142857142856,0.02857142857142857,0.08571428571428572,0.05714285714285714,0.02857142857142857,
Q147276,0.22857142857142856,0.02857142857142857,0.08571428571428572,0.05714285714285714,0.02857142857142857,proper noun
Q1401131,0.22857142857142856,0.02857142857142857,0.08571428571428572,0.05714285714285714,0.02857142857142857,noun phrase
Q11879590,0.34285714285714286,0.02857142857142857,0.02857142857142857,0.0,0.02857142857142857,female given name
Q111352,0.22857142857142856,0.02857142857142857,0.08571428571428572,0.05714285714285714,0.02857142857142857,lexeme
Q1128637,0.4,0.02857142857142857,0.0,0.0,0.0,national symbol
Q10856962,0.22857142857142856,0.02857142857142857,0.08571428571428572,0.05714285714285714,0.02857142857142857,anthroponym
Q186516,0.4,0.02857142857142857,0.0,0.0,0.0,national flag
Q17361351,0.4,0.02857142857142857,0.0,0.0,0.0,administrative territorial entity of Arkansas
Q3235956,0.4,0.02857142857142857,0.0,0.0,0.0,state flag
Q1791899,0.4,0.02857142857142857,0.0,0.0,0.0,cultural magazine
Q627517,0.4,0.02857142857142857,0.0,0.0,0.0,history journal
Q570116,0.4,0.02857142857142857,0.0,0.0,0.0,tourist attraction
Q2319068,0.4,0.02857142857142857,0.0,0.0,0.0,State Senate
Q1156895,0.4,0.02857142857142857,0.0,0.0,0.0,nomination
Q30634609,0.4,0.02857142857142857,0.0,0.0,0.0,heritage designation
Q5264406,0.4,0.02857142857142857,0.0,0.0,0.0,designation
Q624232,0.4,0.02857142857142857,0.0,0.0,0.0,National Historic Landmark
Q1393765,0.4,0.02857142857142857,0.0,0.0,0.0,factory
Q39463,0.4,0.02857142857142857,0.0,0.0,0.0,trading post
Q1248784,0.4,0.02857142857142857,0.0,0.0,0.0,airport
Q20977775,0.4,0.02857142857142857,0.0,0.0,0.0,air transport infrastructure
Q62447,0.4,0.02857142857142857,0.0,0.0,0.0,aerodrome
Q29651519,0.17142857142857143,0.02857142857142857,0.08571428571428572,0.08571428571428572,0.05714285714285714,mental object
Q11774062,0.4,0.02857142857142857,0.0,0.0,0.0,county of Arkansas
Q7598359,0.4,0.02857142857142857,0.0,0.0,0.0,standard of deferred payment
Q13220204,0.2571428571428571,0.02857142857142857,0.05714285714285714,0.0,0.08571428571428572,second-level administrative country subdivision
Q8142,0.4,0.02857142857142857,0.0,0.0,0.0,currency
Q837171,0.4,0.02857142857142857,0.0,0.0,0.0,financial services
Q26907166,0.0,0.02857142857142857,0.05714285714285714,0.0,0.34285714285714286,temporal entity
Q21146257,0.2857142857142857,0.02857142857142857,0.08571428571428572,0.0,0.02857142857142857,type
Q1914636,0.11428571428571428,0.02857142857142857,0.0,0.05714285714285714,0.22857142857142856,activity
Q1190554,0.0,0.02857142857142857,0.05714285714285714,0.0,0.34285714285714286,occurrence
Q1166770,0.34285714285714286,0.02857142857142857,0.0,0.0,0.05714285714285714,depiction
Q24017414,0.17142857142857143,0.02857142857142857,0.05714285714285714,0.05714285714285714,0.11428571428571428,first-order metaclass
Q23960977,0.17142857142857143,0.02857142857142857,0.05714285714285714,0.05714285714285714,0.11428571428571428,(meta)class
Q23959932,0.17142857142857143,0.02857142857142857,0.05714285714285714,0.05714285714285714,0.11428571428571428,fixed-order metaclass
Q19478619,0.17142857142857143,0.02857142857142857,0.05714285714285714,0.05714285714285714,0.11428571428571428,metaclass
Q19361238,0.17142857142857143,0.02857142857142857,0.05714285714285714,0.05714285714285714,0.11428571428571428,Wikidata metaclass
Q16521,0.22857142857142856,0.02857142857142857,0.05714285714285714,0.0,0.11428571428571428,taxon
Q3184121,0.34285714285714286,0.02857142857142857,0.02857142857142857,0.0,0.02857142857142857,municipality of Brazil
Q10374536,0.34285714285714286,0.02857142857142857,0.02857142857142857,0.0,0.02857142857142857,administrative territorial entity of Brazil
Q503992,0.22857142857142856,0.02857142857142857,0.08571428571428572,0.05714285714285714,0.02857142857142857,name
Q3863,0.2857142857142857,0.02857142857142857,0.02857142857142857,0.02857142857142857,0.05714285714285714,asteroid
Q17444909,0.2857142857142857,0.02857142857142857,0.02857142857142857,0.02857142857142857,0.05714285714285714,astronomical object type
Q852446,0.05714285714285714,0.02857142857142857,0.02857142857142857,0.08571428571428572,0.22857142857142856,administrative territorial entity of the United States
Q1362373,0.4,0.02857142857142857,0.0,0.0,0.0,cultivated plant
Q1363241,0.4,0.02857142857142857,0.0,0.0,0.0,plant variety
Q15731356,0.4,0.02857142857142857,0.0,0.0,0.0,apple cultivar
Q15916867,0.05714285714285714,0.02857142857142857,0.02857142857142857,0.02857142857142857,0.2857142857142857,administrative territorial entity of a single country
Q4886,0.4,0.02857142857142857,0.0,0.0,0.0,cultivar
Q756,0.4,0.02857142857142857,0.0,0.0,0.0,plant
Q82799,0.22857142857142856,0.02857142857142857,0.08571428571428572,0.05714285714285714,0.02857142857142857,name
Q82042,0.22857142857142856,0.02857142857142857,0.08571428571428572,0.05714285714285714,0.02857142857142857,part of speech
Q8171,0.22857142857142856,0.02857142857142857,0.08571428571428572,0.05714285714285714,0.02857142857142857,word
Q60596080,0.22857142857142856,0.02857142857142857,0.08571428571428572,0.05714285714285714,0.02857142857142857,bionym
Q5371079,0.17142857142857143,0.02857142857142857,0.08571428571428572,0.08571428571428572,0.05714285714285714,emic unit
Q36993249,0.2,0.02857142857142857,0.05714285714285714,0.0,0.14285714285714285,arrangement
Q13200882,0.2,0.02857142857142857,0.05714285714285714,0.0,0.14285714285714285,act
Q4204519,0.34285714285714286,0.02857142857142857,0.02857142857142857,0.02857142857142857,0.0,historical fact
Q537127,0.4,0.02857142857142857,0.0,0.0,0.0,road bridge
Q924286,0.4,0.02857142857142857,0.0,0.0,0.0,transport network
Q107679,0.4,0.02857142857142857,0.0,0.0,0.0,cliff
Q1210334,0.4,0.02857142857142857,0.0,0.0,0.0,railway bridge
Q169930,0.34285714285714286,0.02857142857142857,0.02857142857142857,0.0,0.02857142857142857,extended play
Q981351,0.3142857142857143,0.02857142857142857,0.02857142857142857,0.02857142857142857,0.02857142857142857,symmetric function
Q12280,0.4,0.02857142857142857,0.0,0.0,0.0,bridge
Q52948,0.2,0.02857142857142857,0.14285714285714285,0.0,0.05714285714285714,interaction
Q4373292,0.3142857142857143,0.02857142857142857,0.02857142857142857,0.02857142857142857,0.02857142857142857,physical property
Q309314,0.3142857142857143,0.02857142857142857,0.02857142857142857,0.02857142857142857,0.02857142857142857,quantity
Q28859120,0.3142857142857143,0.02857142857142857,0.02857142857142857,0.02857142857142857,0.02857142857142857,cardinal measurement scale
Q222910,0.37142857142857144,0.02857142857142857,0.0,0.02857142857142857,0.0,compilation album
Q2204117,0.3142857142857143,0.02857142857142857,0.02857142857142857,0.02857142857142857,0.02857142857142857,symmetric tensor
Q2091629,0.3142857142857143,0.02857142857142857,0.02857142857142857,0.02857142857142857,0.02857142857142857,magnitude
Q203066,0.3142857142857143,0.02857142857142857,0.02857142857142857,0.02857142857142857,0.02857142857142857,relation
Q2678338,0.4,0.02857142857142857,0.0,0.0,0.0,railway network
Q188524,0.3142857142857143,0.02857142857142857,0.02857142857142857,0.02857142857142857,0.02857142857142857,tensor
Q181175,0.3142857142857143,0.02857142857142857,0.02857142857142857,0.02857142857142857,0.02857142857142857,scalar physical quantity
Q1747793,0.3142857142857143,0.02857142857142857,0.02857142857142857,0.02857142857142857,0.02857142857142857,ratio scale of measurement
Q1370617,0.3142857142857143,0.02857142857142857,0.02857142857142857,0.02857142857142857,0.02857142857142857,measurement scale
Q1325769,0.3142857142857143,0.02857142857142857,0.02857142857142857,0.02857142857142857,0.02857142857142857,antisymmetric tensor
Q130901,0.3142857142857143,0.02857142857142857,0.02857142857142857,0.02857142857142857,0.02857142857142857,binary relation
Q1289248,0.3142857142857143,0.02857142857142857,0.02857142857142857,0.02857142857142857,0.02857142857142857,scalar
Q11348,0.3142857142857143,0.02857142857142857,0.02857142857142857,0.02857142857142857,0.02857142857142857,function
Q107715,0.3142857142857143,0.02857142857142857,0.02857142857142857,0.02857142857142857,0.02857142857142857,physical quantity
Q19953632,0.34285714285714286,0.02857142857142857,0.02857142857142857,0.02857142857142857,0.0,former administrative territorial entity
Q19832712,0.34285714285714286,0.02857142857142857,0.02857142857142857,0.02857142857142857,0.0,historical administrative division
Q192630,0.34285714285714286,0.02857142857142857,0.02857142857142857,0.02857142857142857,0.0,past
Q188572,0.34285714285714286,0.02857142857142857,0.02857142857142857,0.02857142857142857,0.0,fact
Q3491904,0.4,0.02857142857142857,0.0,0.0,0.0,urban rail transit
Q2516436,0.4,0.02857142857142857,0.0,0.0,0.0,traffic system
Q615150,0.22857142857142856,0.02857142857142857,0.08571428571428572,0.02857142857142857,0.05714285714285714,land-grant university
Q34442,0.2571428571428571,0.02857142857142857,0.0,0.0,0.14285714285714285,road
Q217602,0.4,0.02857142857142857,0.0,0.0,0.0,analysis
Q46857,0.4,0.02857142857142857,0.0,0.0,0.0,scientific method
Q11024,0.3142857142857143,0.02857142857142857,0.02857142857142857,0.02857142857142857,0.02857142857142857,communication
Q11023058,0.3142857142857143,0.02857142857142857,0.02857142857142857,0.02857142857142857,0.02857142857142857,interpersonal communication
Q1066689,0.3142857142857143,0.02857142857142857,0.02857142857142857,0.02857142857142857,0.02857142857142857,human communication
Q488152,0.4,0.02857142857142857,0.0,0.0,0.0,philosophical analysis
Q550089,0.4,0.02857142857142857,0.0,0.0,0.0,astronomical survey
Q605175,0.4,0.02857142857142857,0.0,0.0,0.0,astronomical catalog
Q746654,0.4,0.02857142857142857,0.0,0.0,0.0,law review
Q773668,0.4,0.02857142857142857,0.0,0.0,0.0,open-access journal
Q898771,0.4,0.02857142857142857,0.0,0.0,0.0,heavy cruiser
Q4498974,0.4,0.02857142857142857,0.0,0.0,0.0,ice hockey team
Q83620,0.22857142857142856,0.02857142857142857,0.02857142857142857,0.0,0.14285714285714285,thoroughfare
Q28140340,0.4,0.02857142857142857,0.0,0.0,0.0,women's association football team
Q18325841,0.4,0.02857142857142857,0.0,0.0,0.0,public transport network
Q16939396,0.4,0.02857142857142857,0.0,0.0,0.0,toll road
Q988108,0.05714285714285714,0.02857142857142857,0.02857142857142857,0.02857142857142857,0.2857142857142857,club
Q847017,0.05714285714285714,0.02857142857142857,0.02857142857142857,0.02857142857142857,0.2857142857142857,sports club
Q7860962,0.4,0.02857142857142857,0.0,0.0,0.0,road type
Q1412403,0.4,0.02857142857142857,0.0,0.0,0.0,commuter rail
Q4438121,0.05714285714285714,0.02857142857142857,0.0,0.02857142857142857,0.3142857142857143,sports organization
Q839470,0.4,0.02857142857142857,0.0,0.0,0.0,sacred language
Q783794,0.2,0.02857142857142857,0.05714285714285714,0.0,0.14285714285714285,company
Q4830453,0.2,0.02857142857142857,0.05714285714285714,0.0,0.14285714285714285,business
Q4287745,0.34285714285714286,0.02857142857142857,0.0,0.0,0.05714285714285714,medical organization
Q30139652,0.34285714285714286,0.02857142857142857,0.0,0.0,0.05714285714285714,health care structure
Q16917,0.34285714285714286,0.02857142857142857,0.0,0.0,0.05714285714285714,hospital
Q15993745,0.4,0.02857142857142857,0.0,0.0,0.0,network
Q15893266,0.34285714285714286,0.02857142857142857,0.02857142857142857,0.02857142857142857,0.0,former entity
Q955824,0.4,0.02857142857142857,0.0,0.0,0.0,learned society
Q20204151,0.22857142857142856,0.02857142857142857,0.05714285714285714,0.02857142857142857,0.08571428571428572,hole
Q12099171,0.22857142857142856,0.02857142857142857,0.05714285714285714,0.02857142857142857,0.08571428571428572,Mining companies
Q10864048,0.4,0.02857142857142857,0.0,0.0,0.0,first-level administrative country subdivision
Q11446,0.34285714285714286,0.02857142857142857,0.0,0.0,0.05714285714285714,ship
Q1394476,0.4,0.02857142857142857,0.0,0.0,0.0,civil township
Q15831596,0.4,0.02857142857142857,0.0,0.0,0.0,class of fictional entities
Q15831598,0.4,0.02857142857142857,0.0,0.0,0.0,fictional astronomical object
Q121359,0.05714285714285714,0.02857142857142857,0.02857142857142857,0.0,0.3142857142857143,infrastructure
Q107390,0.4,0.02857142857142857,0.0,0.0,0.0,federated state
Q17413155,0.4,0.02857142857142857,0.0,0.0,0.0,fictional astronomical object in the Serenityverse
Q3624078,0.4,0.02857142857142857,0.0,0.0,0.0,sovereign state
Q3329375,0.4,0.02857142857142857,0.0,0.0,0.0,variety
Q557685,0.22857142857142856,0.02857142857142857,0.05714285714285714,0.02857142857142857,0.08571428571428572,system
Q1097949,0.4,0.02857142857142857,0.0,0.0,0.0,literary language
Q3895768,0.4,0.02857142857142857,0.0,0.0,0.0,fictional location
Q17424291,0.4,0.02857142857142857,0.0,0.0,0.0,fictional star
Q820477,0.22857142857142856,0.02857142857142857,0.05714285714285714,0.02857142857142857,0.08571428571428572,mine
Q7366,0.22857142857142856,0.02857142857142857,0.02857142857142857,0.0,0.14285714285714285,song
Q20719696,0.2571428571428571,0.02857142857142857,0.05714285714285714,0.02857142857142857,0.05714285714285714,physico-geographical object
Q205895,0.3142857142857143,0.02857142857142857,0.02857142857142857,0.0,0.05714285714285714,landmass
Q107425,0.3142857142857143,0.02857142857142857,0.02857142857142857,0.0,0.05714285714285714,landscape
Q376799,0.05714285714285714,0.02857142857142857,0.02857142857142857,0.0,0.3142857142857143,transport infrastructure
Q236036,0.4,0.02857142857142857,0.0,0.0,0.0,republic of the Soviet Union
Q23037160,0.4,0.02857142857142857,0.0,0.0,0.0,proto-state
Q15623456,0.4,0.02857142857142857,0.0,0.0,0.0,administrative territorial entity of a defunct state
Q862597,0.22857142857142856,0.02857142857142857,0.02857142857142857,0.0,0.14285714285714285,musical form
Q19610511,0.4,0.02857142857142857,0.0,0.0,0.0,township
Q28111,0.4,0.02857142857142857,0.0,0.0,0.0,township in the United States
Q7725634,0.2571428571428571,0.02857142857142857,0.02857142857142857,0.05714285714285714,0.05714285714285714,literary work
Q58480509,0.4,0.02857142857142857,0.0,0.0,0.0,serif typeface
Q1454986,0.05714285714285714,0.02857142857142857,0.02857142857142857,0.0,0.3142857142857143,physical system
Q2154459,0.4,0.02857142857142857,0.0,0.0,0.0,New England town
Q13226383,0.0,0.02857142857142857,0.0,0.02857142857142857,0.37142857142857144,facility
Q719456,0.2857142857142857,0.02857142857142857,0.02857142857142857,0.0,0.08571428571428572,station
Q1849445,0.22857142857142856,0.02857142857142857,0.08571428571428572,0.02857142857142857,0.05714285714285714,colleges and universities in the United States
Q22808404,0.37142857142857144,0.0,0.02857142857142857,0.0,0.02857142857142857,station located on surface
Q13418847,0.4,0.0,0.02857142857142857,0.0,0.0,historical event
Q124734,0.4,0.0,0.02857142857142857,0.0,0.0,rebellion
Q5977147,0.4,0.0,0.02857142857142857,0.0,0.0,medical literature
Q13414760,0.4,0.0,0.02857142857142857,0.0,0.0,county of Oklahoma
Q5500964,0.4,0.0,0.02857142857142857,0.0,0.0,freely redistributable software
Q769620,0.4,0.0,0.02857142857142857,0.0,0.0,social action
Q1970365,0.4,0.0,0.0,0.02857142857142857,0.0,natural history museum
Q3918409,0.4,0.0,0.0,0.02857142857142857,0.0,proposal
Q22445448,0.4,0.0,0.0,0.02857142857142857,0.0,request
Q811683,0.4,0.0,0.0,0.02857142857142857,0.0,proposed building or structure
Q2145277,0.4,0.0,0.0,0.02857142857142857,0.0,house of representatives
Q588140,0.4,0.0,0.0,0.02857142857142857,0.0,science museum
Q48522,0.4,0.0,0.0,0.02857142857142857,0.0,word-sense disambiguation
Q621184,0.4,0.0,0.0,0.02857142857142857,0.0,problem
Q16735822,0.4,0.0,0.0,0.02857142857142857,0.0,history museum
Q17327049,0.4,0.0,0.02857142857142857,0.0,0.0,scientific literature
Q1190275,0.4,0.0,0.0,0.02857142857142857,0.0,fireboat
Q208569,0.4,0.0,0.0,0.02857142857142857,0.0,studio album
Q5759940,0.4,0.0,0.0,0.02857142857142857,0.0,Highway authority
Q1292119,0.4,0.0,0.02857142857142857,0.0,0.0,style
Q1792644,0.4,0.0,0.02857142857142857,0.0,0.0,art style
Q32880,0.4,0.0,0.02857142857142857,0.0,0.0,architectural style
Q3533467,0.4,0.0,0.02857142857142857,0.0,0.0,group action
Q27801,0.4,0.0,0.02857142857142857,0.0,0.0,non-fiction literature
Q13410520,0.4,0.0,0.02857142857142857,0.0,0.0,county of Missouri
Q16024164,0.4,0.0,0.02857142857142857,0.0,0.0,medical journal
Q1391420,0.4,0.0,0.02857142857142857,0.0,0.0,specialized literature
Q2824644,0.4,0.0,0.02857142857142857,0.0,0.0,administrative territorial entity of Colombia
Q628523,0.4,0.0,0.0,0.02857142857142857,0.0,message
Q11019,0.4,0.0,0.02857142857142857,0.0,0.0,machine
Q29555881,0.4,0.0,0.02857142857142857,0.0,0.0,segment of a TV episode
Q860861,0.4,0.0,0.02857142857142857,0.0,0.0,sculpture
Q672593,0.4,0.0,0.02857142857142857,0.0,0.0,wheel arrangement
Q2824645,0.4,0.0,0.02857142857142857,0.0,0.0,administrative territorial entity of Italy
Q175185,0.37142857142857144,0.0,0.05714285714285714,0.0,0.0,rural area
Q14788575,0.37142857142857144,0.0,0.05714285714285714,0.0,0.0,rural settlement
Q13221722,0.4,0.0,0.02857142857142857,0.0,0.0,third-level administrative country subdivision
Q15126920,0.4,0.0,0.02857142857142857,0.0,0.0,administrative territorial entity of El Salvador
Q3556889,0.4,0.0,0.02857142857142857,0.0,0.0,municipality of El Salvador
Q13691,0.4,0.0,0.02857142857142857,0.0,0.0,artificial island
Q15710804,0.4,0.0,0.02857142857142857,0.0,0.0,built structure
Q19817101,0.4,0.0,0.02857142857142857,0.0,0.0,coastal landform
Q28550993,0.4,0.0,0.02857142857142857,0.0,0.0,reclaimed land
Q1134686,0.4,0.0,0.02857142857142857,0.0,0.0,frazione
Q1350310,0.4,0.0,0.02857142857142857,0.0,0.0,administrative territorial entity of the Philippines
Q61878,0.4,0.0,0.02857142857142857,0.0,0.0,barangay
Q26971562,0.4,0.0,0.02857142857142857,0.0,0.0,comic format
Q838795,0.4,0.0,0.02857142857142857,0.0,0.0,comic strip
Q1130645,0.4,0.0,0.02857142857142857,0.0,0.0,open-source software
Q341,0.4,0.0,0.02857142857142857,0.0,0.0,free software
Q1183543,0.4,0.0,0.02857142857142857,0.0,0.0,device
Q1414135,0.4,0.0,0.02857142857142857,0.0,0.0,rolling stock
Q16798631,0.4,0.0,0.02857142857142857,0.0,0.0,equipment
Q42889,0.4,0.0,0.02857142857142857,0.0,0.0,vehicle
Q18388277,0.4,0.0,0.02857142857142857,0.0,0.0,technology company
Q17379815,0.4,0.0,0.02857142857142857,0.0,0.0,administrative territorial entity of Missouri
Q506883,0.4,0.0,0.02857142857142857,0.0,0.0,free and open-source software
Q41253,0.4,0.0,0.02857142857142857,0.0,0.0,movie theater
Q253019,0.4,0.0,0.02857142857142857,0.0,0.0,Ortsteil
Q50231,0.4,0.0,0.02857142857142857,0.0,0.0,administrative territorial entity of the People's Republic of China
Q13100073,0.4,0.0,0.02857142857142857,0.0,0.0,village-level division in China
Q93301,0.4,0.0,0.02857142857142857,0.0,0.0,locomotive
Q752870,0.4,0.0,0.02857142857142857,0.0,0.0,motor vehicle
Q7275,0.4,0.0,0.0,0.02857142857142857,0.0,state
Q39546,0.4,0.0,0.02857142857142857,0.0,0.0,tool
Q171043,0.4,0.0,0.02857142857142857,0.0,0.0,steam locomotive
Q6256,0.4,0.0,0.0,0.02857142857142857,0.0,country
Q35825432,0.4,0.0,0.02857142857142857,0.0,0.0,converter
Q747074,0.4,0.0,0.02857142857142857,0.0,0.0,comune of Italy
Q532,0.37142857142857144,0.0,0.05714285714285714,0.0,0.0,village
Q3231690,0.4,0.0,0.02857142857142857,0.0,0.0,automobile model
Q3245975,0.4,0.0,0.02857142857142857,0.0,0.0,finished good
Q1763214,0.4,0.0,0.0,0.0,0.02857142857142857,municipio
Q2555896,0.4,0.0,0.02857142857142857,0.0,0.0,municipality of Colombia
Q2452850,0.4,0.0,0.02857142857142857,0.0,0.0,railway traction vehicle
Q20650761,0.4,0.0,0.02857142857142857,0.0,0.0,tender locomotive
Q3024240,0.4,0.0,0.02857142857142857,0.0,0.0,historical country
Q1496967,0.0,0.0,0.02857142857142857,0.0,0.4,territorial entity
Q7278,0.4,0.0,0.02857142857142857,0.0,0.0,political party
Q2063340,0.4,0.0,0.0,0.0,0.02857142857142857,sensemaking
Q937228,0.0,0.0,0.0,0.02857142857142857,0.4,property
Q101072,0.4,0.0,0.0,0.0,0.02857142857142857,definition
Q1200750,0.4,0.0,0.0,0.0,0.02857142857142857,description
Q15700808,0.4,0.0,0.0,0.0,0.02857142857142857,urban unit definition
Q15709883,0.4,0.0,0.0,0.0,0.02857142857142857,statistical definition
Q188509,0.4,0.0,0.0,0.0,0.02857142857142857,suburb
Q23009459,0.4,0.0,0.0,0.0,0.02857142857142857,connect
Q1344,0.4,0.0,0.0,0.0,0.02857142857142857,opera
Q23009538,0.4,0.0,0.0,0.0,0.02857142857142857,addition
Q234460,0.08571428571428572,0.0,0.08571428571428572,0.05714285714285714,0.2,text
Q286583,0.05714285714285714,0.0,0.02857142857142857,0.08571428571428572,0.2571428571428571,manifestation
Q190429,0.4,0.0,0.0,0.0,0.02857142857142857,depression
Q3240715,0.4,0.0,0.0,0.0,0.02857142857142857,crater
Q55818,0.4,0.0,0.0,0.0,0.02857142857142857,impact crater
Q7889,0.4,0.0,0.0,0.0,0.02857142857142857,video game
Q7397,0.37142857142857144,0.0,0.02857142857142857,0.0,0.02857142857142857,software
Q714737,0.0,0.0,0.0,0.02857142857142857,0.4,category of being
Q51938570,0.4,0.0,0.0,0.0,0.02857142857142857,entertainment software
Q47461344,0.05714285714285714,0.0,0.08571428571428572,0.05714285714285714,0.22857142857142856,written work
Q4393498,0.0,0.0,0.0,0.02857142857142857,0.4,representation
Q2424752,0.02857142857142857,0.0,0.05714285714285714,0.08571428571428572,0.2571428571428571,product
Q2249149,0.4,0.0,0.0,0.0,0.02857142857142857,electronic game
Q2145290,0.0,0.0,0.0,0.02857142857142857,0.4,mental representation
Q17538258,0.4,0.0,0.0,0.0,0.02857142857142857,recreative work
Q173799,0.37142857142857144,0.0,0.0,0.02857142857142857,0.02857142857142857,entertainment
Q166142,0.4,0.0,0.0,0.0,0.02857142857142857,application
Q151885,0.0,0.0,0.0,0.02857142857142857,0.4,concept
Q1207505,0.0,0.0,0.0,0.02857142857142857,0.4,quality
Q11410,0.4,0.0,0.0,0.0,0.02857142857142857,game
Q838948,0.14285714285714285,0.0,0.05714285714285714,0.0,0.22857142857142856,work of art
Q63379003,0.2,0.0,0.05714285714285714,0.0,0.17142857142857143,moving image
Q1040689,0.4,0.0,0.0,0.0,0.02857142857142857,synonym
Q15850590,0.4,0.0,0.0,0.0,0.02857142857142857,theatrical genre
Q26720107,0.0,0.0,0.02857142857142857,0.0,0.4,
Q2188189,0.37142857142857144,0.0,0.0,0.0,0.05714285714285714,musical work
Q228332,0.3142857142857143,0.0,0.02857142857142857,0.0,0.08571428571428572,entry point
Q55006986,0.3142857142857143,0.0,0.02857142857142857,0.0,0.08571428571428572,transport facility
Q55488,0.3142857142857143,0.0,0.02857142857142857,0.0,0.08571428571428572,railway station
Q800279,0.3142857142857143,0.0,0.02857142857142857,0.0,0.08571428571428572,railway facility
Q11398090,0.37142857142857144,0.0,0.0,0.0,0.05714285714285714,creation
Q207628,0.37142857142857144,0.0,0.0,0.0,0.05714285714285714,musical composition
Q47407603,0.37142857142857144,0.0,0.0,0.0,0.05714285714285714,artistic creation
Q170658,0.2857142857142857,0.0,0.05714285714285714,0.05714285714285714,0.02857142857142857,creativity
Q87167,0.4,0.0,0.0,0.0,0.02857142857142857,manuscript
Q2500304,0.4,0.0,0.0,0.0,0.02857142857142857,District electoral division
Q155076,0.0,0.0,0.02857142857142857,0.0,0.4,juridical person
Q178706,0.0,0.0,0.05714285714285714,0.02857142857142857,0.34285714285714286,institution
Q23002037,0.11428571428571428,0.0,0.02857142857142857,0.0,0.2857142857142857,public educational institution
Q23002039,0.11428571428571428,0.0,0.02857142857142857,0.0,0.2857142857142857,public educational institution of the United States
Q1318558,0.3142857142857143,0.0,0.02857142857142857,0.0,0.08571428571428572,operation point
Q1311670,0.3142857142857143,0.0,0.02857142857142857,0.0,0.08571428571428572,rail infrastructure
Q975783,0.02857142857142857,0.0,0.02857142857142857,0.05714285714285714,0.3142857142857143,estate in land
Q811979,0.02857142857142857,0.0,0.02857142857142857,0.05714285714285714,0.3142857142857143,architectural structure
Q811430,0.02857142857142857,0.0,0.02857142857142857,0.05714285714285714,0.3142857142857143,construction
Q684740,0.02857142857142857,0.0,0.02857142857142857,0.05714285714285714,0.3142857142857143,real property
Q35145743,0.02857142857142857,0.0,0.02857142857142857,0.05714285714285714,0.3142857142857143,human-made landform
Q204577,0.4,0.0,0.0,0.0,0.02857142857142857,schooner
Q23442,0.37142857142857144,0.0,0.02857142857142857,0.0,0.02857142857142857,island
Q80083,0.2857142857142857,0.0,0.05714285714285714,0.05714285714285714,0.02857142857142857,humanities
Q781413,0.2857142857142857,0.0,0.05714285714285714,0.05714285714285714,0.02857142857142857,mental process
Q735,0.2857142857142857,0.0,0.05714285714285714,0.05714285714285714,0.02857142857142857,art
Q483394,0.14285714285714285,0.0,0.02857142857142857,0.05714285714285714,0.2,genre
Q45971958,0.4,0.0,0.0,0.0,0.02857142857142857,performing arts genre
Q2018526,0.2857142857142857,0.0,0.05714285714285714,0.05714285714285714,0.02857142857142857,the arts
Q184872,0.2857142857142857,0.0,0.05714285714285714,0.05714285714285714,0.02857142857142857,recreation
Q1792379,0.34285714285714286,0.0,0.02857142857142857,0.02857142857142857,0.02857142857142857,art genre
Q4502142,0.17142857142857143,0.0,0.05714285714285714,0.0,0.2,visual artwork
Q18593264,0.02857142857142857,0.0,0.0,0.02857142857142857,0.37142857142857144,item of collection or exhibition
Q17537576,0.02857142857142857,0.0,0.02857142857142857,0.0,0.37142857142857144,creative work
Q174834,0.0,0.0,0.05714285714285714,0.02857142857142857,0.34285714285714286,authority
Q4173967,0.22857142857142856,0.0,0.08571428571428572,0.08571428571428572,0.02857142857142857,linguistic unit
Q9081,0.17142857142857143,0.0,0.05714285714285714,0.05714285714285714,0.14285714285714285,knowledge
Q1048835,0.11428571428571428,0.0,0.08571428571428572,0.05714285714285714,0.17142857142857143,political territorial entity
Q16334295,0.0,0.0,0.0,0.0,0.42857142857142855,group of humans
Q16334298,0.0,0.0,0.0,0.0,0.42857142857142855,group of living things
Q16887380,0.0,0.0,0.0,0.0,0.42857142857142855,group
Q17553950,0.0,0.0,0.0,0.0,0.42857142857142855,object
Q15621286,0.02857142857142857,0.0,0.02857142857142857,0.0,0.37142857142857144,intellectual work
Q18340964,0.0,0.0,0.05714285714285714,0.02857142857142857,0.34285714285714286,power
Q2101636,0.0,0.0,0.05714285714285714,0.02857142857142857,0.34285714285714286,political power
Q223557,0.0,0.0,0.0,0.0,0.42857142857142855,physical object
Q23958946,0.0,0.0,0.0,0.0,0.42857142857142855,individual
Q24229398,0.0,0.0,0.0,0.0,0.42857142857142855,agent
Q25107,0.0,0.0,0.05714285714285714,0.02857142857142857,0.34285714285714286,power
Q3695082,0.2,0.0,0.11428571428571428,0.05714285714285714,0.05714285714285714,sign
Q11028,0.05714285714285714,0.0,0.02857142857142857,0.0,0.34285714285714286,information
Q82794,0.0,0.0,0.02857142857142857,0.0,0.4,geographic region
Q7184903,0.0,0.0,0.0,0.0,0.42857142857142855,abstract object
Q618123,0.0,0.0,0.0,0.0,0.42857142857142855,geographical object
Q58416391,0.0,0.0,0.0,0.0,0.42857142857142855,spatial entity
Q58415929,0.0,0.0,0.0,0.0,0.42857142857142855,spacio-temporal entity
Q56061,0.0,0.0,0.02857142857142857,0.0,0.4,administrative territorial entity
Q5127848,0.0,0.0,0.02857142857142857,0.0,0.4,class
Q488383,0.0,0.0,0.0,0.0,0.42857142857142855,object
Q35120,0.0,0.0,0.0,0.0,0.42857142857142855,entity
Q27096213,0.0,0.0,0.0,0.0,0.42857142857142855,geographic entity
Q246672,0.0,0.0,0.08571428571428572,0.02857142857142857,0.3142857142857143,mathematical object
Q192611,0.0,0.0,0.11428571428571428,0.02857142857142857,0.2857142857142857,constituency
Q16889133,0.0,0.0,0.02857142857142857,0.0,0.4,class
Q16686448,0.0,0.0,0.0,0.0,0.42857142857142855,artificial entity
Q15642541,0.0,0.0,0.02857142857142857,0.0,0.4,human-geographic territorial entity
Q27096235,0.0,0.0,0.0,0.0,0.42857142857142855,artificial geographic entity
Q43229,0.0,0.0,0.0,0.0,0.42857142857142855,organization
Q4406616,0.0,0.0,0.0,0.0,0.42857142857142855,concrete object
Q22811462,0.37142857142857144,0.0,0.02857142857142857,0.0,0.02857142857142857,type of manufactured good
Q11424,0.2,0.0,0.05714285714285714,0.0,0.17142857142857143,film
Q48907157,0.2857142857142857,0.0,0.0,0.0,0.14285714285714285,section of populated place
Q6422240,0.02857142857142857,0.0,0.02857142857142857,0.05714285714285714,0.3142857142857143,property
Q4997551,0.4,0.0,0.0,0.0,0.02857142857142857,bundle of rights
Q46737,0.4,0.0,0.0,0.0,0.02857142857142857,asset
Q431289,0.4,0.0,0.0,0.0,0.02857142857142857,brand
Q427581,0.4,0.0,0.0,0.0,0.02857142857142857,intangible asset
Q39809,0.4,0.0,0.0,0.0,0.02857142857142857,marketing
Q386724,0.0,0.0,0.02857142857142857,0.0,0.4,work
Q337060,0.0,0.0,0.0,0.0,0.42857142857142855,perceptible object
Q31464082,0.4,0.0,0.0,0.0,0.02857142857142857,source
Q3084961,0.4,0.0,0.0,0.0,0.02857142857142857,product lining
Q28877,0.0,0.0,0.0,0.0,0.42857142857142855,goods
Q268592,0.4,0.0,0.0,0.0,0.02857142857142857,economic branch
Q17444171,0.4,0.0,0.0,0.0,0.02857142857142857,model
Q517966,0.0,0.0,0.0,0.0,0.42857142857142855,structure
Q167270,0.4,0.0,0.0,0.0,0.02857142857142857,trademark
Q1554231,0.4,0.0,0.0,0.0,0.02857142857142857,resource
Q15401930,0.0,0.0,0.02857142857142857,0.0,0.4,product
Q15056993,0.4,0.0,0.0,0.0,0.02857142857142857,aircraft family
Q131257,0.4,0.0,0.0,0.0,0.02857142857142857,intellectual property
Q757587,0.4,0.0,0.0,0.0,0.02857142857142857,nuclear-powered attack submarine
Q751708,0.34285714285714286,0.0,0.02857142857142857,0.0,0.05714285714285714,village in the United States
Q2221906,0.0,0.0,0.0,0.0,0.42857142857142855,geographic location
Q17334923,0.0,0.0,0.0,0.0,0.42857142857142855,location
Q895526,0.0,0.0,0.05714285714285714,0.02857142857142857,0.34285714285714286,organ
Q8205328,0.0,0.0,0.0,0.0,0.42857142857142855,artificial physical object
Q6671777,0.0,0.0,0.0,0.0,0.42857142857142855,structure
Q61961344,0.0,0.0,0.0,0.0,0.42857142857142855,group of physical objects
Q58778,0.0,0.0,0.02857142857142857,0.0,0.4,system
Q2385804,0.02857142857142857,0.0,0.02857142857142857,0.02857142857142857,0.34285714285714286,educational institution
Q294163,0.11428571428571428,0.0,0.02857142857142857,0.0,0.2857142857142857,public institution
Q473972,0.4,0.0,0.0,0.0,0.02857142857142857,protected area
Q2516121,0.4,0.0,0.0,0.0,0.02857142857142857,transportation structure
Q6501349,0.4,0.0,0.02857142857142857,0.0,0.0,parking lot
Q863944,0.4,0.0,0.02857142857142857,0.0,0.0,land waters
Q18558301,0.4,0.0,0.02857142857142857,0.0,0.0,college sports team
Q54190181,0.4,0.0,0.02857142857142857,0.0,0.0,NCAA Division I women's basketball team
Q208511,0.4,0.0,0.0,0.0,0.02857142857142857,global city
Q2264924,0.4,0.0,0.0,0.0,0.02857142857142857,port city
Q44782,0.4,0.0,0.0,0.0,0.02857142857142857,port
Q1589009,0.4,0.0,0.0,0.0,0.02857142857142857,privately held company
Q11032,0.37142857142857144,0.0,0.02857142857142857,0.0,0.02857142857142857,newspaper
Q1110794,0.4,0.0,0.0,0.0,0.02857142857142857,daily newspaper
Q1983062,0.37142857142857144,0.0,0.02857142857142857,0.0,0.02857142857142857,episode
Q21191270,0.37142857142857144,0.0,0.02857142857142857,0.0,0.02857142857142857,television series episode
Q11691,0.4,0.0,0.0,0.0,0.02857142857142857,stock exchange
Q179076,0.4,0.0,0.0,0.0,0.02857142857142857,exchange
Q628858,0.4,0.0,0.02857142857142857,0.0,0.0,workplace
Q55697304,0.4,0.0,0.02857142857142857,0.0,0.0,parking facility
Q36809769,0.4,0.0,0.02857142857142857,0.0,0.0,object of group
Q360418,0.4,0.0,0.02857142857142857,0.0,0.0,construction site
Q355304,0.4,0.0,0.02857142857142857,0.0,0.0,watercourse
Q2466889,0.4,0.0,0.02857142857142857,0.0,0.0,hydraulic structure
Q211548,0.4,0.0,0.02857142857142857,0.0,0.0,locus
Q19816755,0.37142857142857144,0.0,0.05714285714285714,0.0,0.0,artificial landform
Q1826691,0.4,0.0,0.02857142857142857,0.0,0.0,line construction
Q1411945,0.4,0.0,0.02857142857142857,0.0,0.0,civil engineering construction
Q12284,0.4,0.0,0.02857142857142857,0.0,0.0,canal
Q1228250,0.4,0.0,0.02857142857142857,0.0,0.0,line
Q559026,0.34285714285714286,0.0,0.02857142857142857,0.02857142857142857,0.02857142857142857,ship class
Q20857065,0.4,0.0,0.02857142857142857,0.0,0.0,United States federal agency
Q1951366,0.4,0.0,0.02857142857142857,0.0,0.0,public utility
Q1341478,0.4,0.0,0.02857142857142857,0.0,0.0,energy company
Q1326624,0.4,0.0,0.02857142857142857,0.0,0.0,electric utility
Q43371537,0.4,0.0,0.0,0.0,0.02857142857142857,trading venue
Q167037,0.4,0.0,0.0,0.0,0.02857142857142857,corporation
Q3445354,0.37142857142857144,0.0,0.02857142857142857,0.0,0.02857142857142857,United States senior military college
Q13415370,0.4,0.0,0.0,0.0,0.02857142857142857,county of West Virginia
Q1269299,0.4,0.0,0.0,0.0,0.02857142857142857,type of business entity
Q4539,0.4,0.0,0.0,0.0,0.02857142857142857,cooperative
Q1497364,0.4,0.0,0.0,0.0,0.02857142857142857,building complex
Q1497375,0.4,0.0,0.0,0.0,0.02857142857142857,ensemble
Q18247357,0.4,0.0,0.0,0.0,0.02857142857142857,group of structures or buildings
Q20925702,0.4,0.0,0.0,0.0,0.02857142857142857,Colleges That Change Lives
Q13410447,0.4,0.0,0.0,0.0,0.02857142857142857,county of Kentucky
Q1796670,0.4,0.0,0.0,0.0,0.02857142857142857,private law corporation
Q13410438,0.4,0.0,0.0,0.0,0.02857142857142857,county of Indiana
Q1428357,0.4,0.0,0.0,0.0,0.02857142857142857,submarine class
Q22807280,0.4,0.0,0.0,0.0,0.02857142857142857,flag of a country subdivision
Q2472587,0.4,0.0,0.0,0.0,0.02857142857142857,people
Q6664406,0.34285714285714286,0.0,0.05714285714285714,0.0,0.02857142857142857,local government in Pennsylvania
Q1410668,0.4,0.0,0.0,0.0,0.02857142857142857,National Wildlife Refuge
Q12047392,0.4,0.0,0.0,0.0,0.02857142857142857,legal form
Q327197,0.4,0.0,0.0,0.0,0.02857142857142857,legal transaction
Q327000,0.4,0.0,0.0,0.0,0.02857142857142857,court decision
Q2334719,0.4,0.0,0.0,0.0,0.02857142857142857,legal case
Q216200,0.4,0.0,0.0,0.0,0.02857142857142857,precept
Q2135540,0.4,0.0,0.0,0.0,0.02857142857142857,legal action
Q19692072,0.4,0.0,0.0,0.0,0.02857142857142857,United States Supreme Court decision
Q1864008,0.4,0.0,0.0,0.0,0.02857142857142857,legal act
Q1856757,0.4,0.0,0.0,0.0,0.02857142857142857,legal fact
Q571,0.37142857142857144,0.0,0.02857142857142857,0.0,0.02857142857142857,book
Q2342494,0.37142857142857144,0.0,0.02857142857142857,0.0,0.02857142857142857,collectible
Q5185279,0.37142857142857144,0.0,0.0,0.0,0.05714285714285714,poem
Q7451779,0.4,0.0,0.0,0.0,0.02857142857142857,separate legal entity
Q56876011,0.4,0.0,0.0,0.0,0.02857142857142857,private corporation
Q567521,0.4,0.0,0.0,0.0,0.02857142857142857,
Q33685,0.4,0.0,0.0,0.0,0.02857142857142857,limited company
Q328578,0.4,0.0,0.0,0.0,0.02857142857142857,merchant in legal code
Q11541386,0.4,0.0,0.02857142857142857,0.0,0.0,
Q1005416,0.4,0.0,0.02857142857142857,0.0,0.0,federal agency
Q358,0.4,0.0,0.02857142857142857,0.0,0.0,heritage site
Q50365914,0.4,0.0,0.0,0.02857142857142857,0.0,biological region
Q723849,0.4,0.0,0.0,0.02857142857142857,0.0,greatest hits album
Q134556,0.22857142857142856,0.0,0.0,0.0,0.2,single
Q15712714,0.4,0.0,0.0,0.02857142857142857,0.0,biomolecular structure
Q3511065,0.4,0.0,0.0,0.02857142857142857,0.0,biological sequence
Q37500013,0.4,0.0,0.0,0.02857142857142857,0.0,primary structure
Q3771876,0.4,0.0,0.0,0.02857142857142857,0.0,nucleic acid structure
Q7187,0.4,0.0,0.0,0.02857142857142857,0.0,gene
Q2434238,0.4,0.0,0.02857142857142857,0.0,0.0,heritage
Q863908,0.4,0.0,0.0,0.02857142857142857,0.0,nucleic acid sequence
Q48204,0.05714285714285714,0.0,0.05714285714285714,0.0,0.3142857142857143,association
Q79913,0.05714285714285714,0.0,0.05714285714285714,0.0,0.3142857142857143,non-governmental organization
Q15324,0.37142857142857144,0.0,0.02857142857142857,0.02857142857142857,0.0,body of water
Q2507626,0.37142857142857144,0.0,0.02857142857142857,0.02857142857142857,0.0,water area
Q39594,0.4,0.0,0.0,0.02857142857142857,0.0,bay
Q2031291,0.4,0.0,0.0,0.0,0.02857142857142857,release
Q105420,0.4,0.0,0.0,0.02857142857142857,0.0,anthology
Q163740,0.02857142857142857,0.0,0.05714285714285714,0.0,0.34285714285714286,nonprofit organization
Q182531,0.4,0.0,0.0,0.02857142857142857,0.0,battleship
Q717478,0.4,0.0,0.0,0.02857142857142857,0.0,administrative territorial entity of the United Kingdom
Q2533461,0.4,0.0,0.0,0.02857142857142857,0.0,autonomous administrative territorial entity
Q1351282,0.4,0.0,0.0,0.02857142857142857,0.0,crown colony of the British Empire
Q15092400,0.4,0.0,0.0,0.0,0.02857142857142857,independent city
Q1266818,0.4,0.0,0.0,0.0,0.02857142857142857,independent city
Q1188782,0.4,0.0,0.0,0.0,0.02857142857142857,county-equivalent
Q830077,0.0,0.0,0.02857142857142857,0.0,0.4,subject
Q7257916,0.11428571428571428,0.0,0.02857142857142857,0.0,0.2857142857142857,public institution of the United States
Q5341295,0.02857142857142857,0.0,0.02857142857142857,0.02857142857142857,0.34285714285714286,educational organization
Q4671277,0.02857142857142857,0.0,0.08571428571428572,0.05714285714285714,0.2571428571428571,academic institution
Q3918,0.02857142857142857,0.0,0.11428571428571428,0.05714285714285714,0.22857142857142856,university
Q38723,0.02857142857142857,0.0,0.08571428571428572,0.05714285714285714,0.2571428571428571,higher education institution
Q3778211,0.0,0.0,0.02857142857142857,0.0,0.4,legal person
Q7543083,0.4,0.0,0.0,0.02857142857142857,0.0,avenue
Q192161,0.4,0.0,0.0,0.02857142857142857,0.0,formal language
Q1993334,0.4,0.0,0.0,0.02857142857142857,0.0,interpreted language
Q638,0.4,0.0,0.0,0.02857142857142857,0.0,music
Q23893363,0.4,0.0,0.02857142857142857,0.0,0.0,
Q210272,0.4,0.0,0.02857142857142857,0.0,0.0,cultural heritage
Q2065736,0.4,0.0,0.02857142857142857,0.0,0.0,cultural property
Q15243209,0.4,0.0,0.02857142857142857,0.0,0.0,historic district
Q32178211,0.3142857142857143,0.0,0.05714285714285714,0.02857142857142857,0.02857142857142857,music organisation
Q215380,0.3142857142857143,0.0,0.05714285714285714,0.02857142857142857,0.02857142857142857,band
Q2088357,0.3142857142857143,0.0,0.05714285714285714,0.02857142857142857,0.02857142857142857,musical ensemble
Q3305213,0.2857142857142857,0.0,0.08571428571428572,0.0,0.05714285714285714,painting
Q2135465,0.34285714285714286,0.0,0.02857142857142857,0.02857142857142857,0.02857142857142857,legal concept
Q17197366,0.34285714285714286,0.0,0.02857142857142857,0.02857142857142857,0.02857142857142857,type of organisation
Q17166756,0.34285714285714286,0.0,0.02857142857142857,0.0,0.05714285714285714,United States congressional district
Q1052894,0.34285714285714286,0.0,0.02857142857142857,0.0,0.05714285714285714,single-member district
Q7302866,0.4,0.0,0.0,0.02857142857142857,0.0,audio track
Q685884,0.4,0.0,0.0,0.02857142857142857,0.0,vocal music
Q55850593,0.4,0.0,0.0,0.02857142857142857,0.0,music track with vocals
Q21562092,0.4,0.0,0.0,0.02857142857142857,0.0,imperative programming language
Q37172,0.4,0.0,0.0,0.02857142857142857,0.0,wave
Q3689704,0.4,0.0,0.0,0.02857142857142857,0.0,oral communication
Q3302947,0.4,0.0,0.0,0.02857142857142857,0.0,audio recording
Q2989679,0.4,0.0,0.0,0.02857142857142857,0.0,verbal communication
Q170475,0.4,0.0,0.0,0.02857142857142857,0.0,oscillation
Q14916053,0.4,0.0,0.0,0.02857142857142857,0.0,number
Q11461,0.4,0.0,0.0,0.02857142857142857,0.0,sound
Q1132631,0.4,0.0,0.0,0.02857142857142857,0.0,mechanical wave
Q7075,0.4,0.0,0.0,0.02857142857142857,0.0,library
Q1752346,0.2571428571428571,0.0,0.02857142857142857,0.05714285714285714,0.08571428571428572,deliberative assembly
Q9143,0.4,0.0,0.0,0.02857142857142857,0.0,programming language
Q649732,0.4,0.0,0.0,0.02857142857142857,0.0,formal system
Q629206,0.4,0.0,0.0,0.02857142857142857,0.0,computer language
Q3247505,0.4,0.0,0.0,0.02857142857142857,0.0,artificial language
Q1752939,0.4,0.0,0.02857142857142857,0.0,0.0,independent agency of the United States government
